country,technology,weight_normalized,cost_trend,five_year_factor
Afghanistan,Solar PV,0.34146341463414637,-0.15,0.44370531249999995
Afghanistan,Wind (Onshore),0.26829268292682934,-0.08,0.6590815232000001
Afghanistan,Wind (Offshore),0.14634146341463417,-0.12,0.5277319168
Afghanistan,Hydro,0.14634146341463417,0.02,1.1040808032
Afghanistan,Other Renewables,0.09756097560975611,-0.1,0.5904900000000001
Albania,Solar PV,0.3452914798206278,-0.15,0.44370531249999995
Albania,Wind (Onshore),0.29596412556053814,-0.08,0.6590815232000001
Albania,Wind (Offshore),0.13452914798206278,-0.12,0.5277319168
Albania,Hydro,0.13452914798206278,0.02,1.1040808032
Albania,Other Renewables,0.08968609865470853,-0.1,0.5904900000000001
Algeria,Solar PV,0.37198067632850246,-0.15,0.44370531249999995
Algeria,Wind (Onshore),0.24154589371980678,-0.08,0.6590815232000001
Algeria,Wind (Offshore),0.14492753623188406,-0.12,0.5277319168
Algeria,Hydro,0.14492753623188406,0.02,1.1040808032
Algeria,Other Renewables,0.09661835748792272,-0.1,0.5904900000000001
Andorra,Solar PV,0.41546762589928055,-0.15,0.44370531249999995
Andorra,Wind (Onshore),0.22482014388489208,-0.08,0.6590815232000001
Andorra,Wind (Offshore),0.13489208633093525,-0.12,0.5277319168
Andorra,Hydro,0.13489208633093525,0.02,1.1040808032
Andorra,Other Renewables,0.08992805755395683,-0.1,0.5904900000000001
Angola,Solar PV,0.3632075471698113,-0.15,0.44370531249999995
Angola,Wind (Onshore),0.25943396226415094,-0.08,0.6590815232000001
Angola,Wind (Offshore),0.14150943396226415,-0.12,0.5277319168
Angola,Hydro,0.14150943396226415,0.02,1.1040808032
Angola,Other Renewables,0.09433962264150944,-0.1,0.5904900000000001
Antigua and Barbuda,Solar PV,0.3652173913043478,-0.15,0.44370531249999995
Antigua and Barbuda,Wind (Onshore),0.28695652173913044,-0.08,0.6590815232000001
Antigua and Barbuda,Wind (Offshore),0.13043478260869565,-0.12,0.5277319168
Antigua and Barbuda,Hydro,0.13043478260869565,0.02,1.1040808032
Antigua and Barbuda,Other Renewables,0.08695652173913045,-0.1,0.5904900000000001
Argentina,Solar PV,0.3548387096774194,-0.15,0.44370531249999995
Argentina,Wind (Onshore),0.2764976958525346,-0.08,0.6590815232000001
Argentina,Wind (Offshore),0.1382488479262673,-0.12,0.5277319168
Argentina,Hydro,0.1382488479262673,0.02,1.1040808032
Argentina,Other Renewables,0.09216589861751152,-0.1,0.5904900000000001
Armenia,Solar PV,0.3452914798206278,-0.15,0.44370531249999995
Armenia,Wind (Onshore),0.29596412556053814,-0.08,0.6590815232000001
Armenia,Wind (Offshore),0.13452914798206278,-0.12,0.5277319168
Armenia,Hydro,0.13452914798206278,0.02,1.1040808032
Armenia,Other Renewables,0.08968609865470853,-0.1,0.5904900000000001
Aruba,Solar PV,0.3835616438356164,-0.15,0.44370531249999995
Aruba,Wind (Onshore),0.25114155251141557,-0.08,0.6590815232000001
Aruba,Wind (Offshore),0.136986301369863,-0.12,0.5277319168
Aruba,Hydro,0.136986301369863,0.02,1.1040808032
Aruba,Other Renewables,0.09132420091324202,-0.1,0.5904900000000001
Australia,Solar PV,0.41546762589928055,-0.15,0.44370531249999995
Australia,Wind (Onshore),0.22482014388489208,-0.08,0.6590815232000001
Australia,Wind (Offshore),0.13489208633093525,-0.12,0.5277319168
Australia,Hydro,0.13489208633093525,0.02,1.1040808032
Australia,Other Renewables,0.08992805755395683,-0.1,0.5904900000000001
Austria,Solar PV,0.3835616438356164,-0.15,0.44370531249999995
Austria,Wind (Onshore),0.25114155251141557,-0.08,0.6590815232000001
Austria,Wind (Offshore),0.136986301369863,-0.12,0.5277319168
Austria,Hydro,0.136986301369863,0.02,1.1040808032
Austria,Other Renewables,0.09132420091324202,-0.1,0.5904900000000001
Azerbaijan,Solar PV,0.324074074074074,-0.15,0.44370531249999995
Azerbaijan,Wind (Onshore),0.3055555555555555,-0.08,0.6590815232000001
Azerbaijan,Wind (Offshore),0.13888888888888887,-0.12,0.5277319168
Azerbaijan,Hydro,0.13888888888888887,0.02,1.1040808032
Azerbaijan,Other Renewables,0.09259259259259259,-0.1,0.5904900000000001
"Bahamas, The",Solar PV,0.41546762589928055,-0.15,0.44370531249999995
"Bahamas, The",Wind (Onshore),0.22482014388489208,-0.08,0.6590815232000001
"Bahamas, The",Wind (Offshore),0.13489208633093525,-0.12,0.5277319168
"Bahamas, The",Hydro,0.13489208633093525,0.02,1.1040808032
"Bahamas, The",Other Renewables,0.08992805755395683,-0.1,0.5904900000000001
Bahrain,Solar PV,0.41546762589928055,-0.15,0.44370531249999995
Bahrain,Wind (Onshore),0.22482014388489208,-0.08,0.6590815232000001
Bahrain,Wind (Offshore),0.13489208633093525,-0.12,0.5277319168
Bahrain,Hydro,0.13489208633093525,0.02,1.1040808032
Bahrain,Other Renewables,0.08992805755395683,-0.1,0.5904900000000001
Bangladesh,Solar PV,0.34146341463414637,-0.15,0.44370531249999995
Bangladesh,Wind (Onshore),0.26829268292682934,-0.08,0.6590815232000001
Bangladesh,Wind (Offshore),0.14634146341463417,-0.12,0.5277319168
Bangladesh,Hydro,0.14634146341463417,0.02,1.1040808032
Bangladesh,Other Renewables,0.09756097560975611,-0.1,0.5904900000000001
Barbados,Solar PV,0.3652173913043478,-0.15,0.44370531249999995
Barbados,Wind (Onshore),0.28695652173913044,-0.08,0.6590815232000001
Barbados,Wind (Offshore),0.13043478260869565,-0.12,0.5277319168
Barbados,Hydro,0.13043478260869565,0.02,1.1040808032
Barbados,Other Renewables,0.08695652173913045,-0.1,0.5904900000000001
Belarus,Solar PV,0.3548387096774194,-0.15,0.44370531249999995
Belarus,Wind (Onshore),0.2764976958525346,-0.08,0.6590815232000001
Belarus,Wind (Offshore),0.1382488479262673,-0.12,0.5277319168
Belarus,Hydro,0.1382488479262673,0.02,1.1040808032
Belarus,Other Renewables,0.09216589861751152,-0.1,0.5904900000000001
Belgium,Solar PV,0.41546762589928055,-0.15,0.44370531249999995
Belgium,Wind (Onshore),0.22482014388489208,-0.08,0.6590815232000001
Belgium,Wind (Offshore),0.13489208633093525,-0.12,0.5277319168
Belgium,Hydro,0.13489208633093525,0.02,1.1040808032
Belgium,Other Renewables,0.08992805755395683,-0.1,0.5904900000000001
Belize,Solar PV,0.324074074074074,-0.15,0.44370531249999995
Belize,Wind (Onshore),0.3055555555555555,-0.08,0.6590815232000001
Belize,Wind (Offshore),0.13888888888888887,-0.12,0.5277319168
Belize,Hydro,0.13888888888888887,0.02,1.1040808032
Belize,Other Renewables,0.09259259259259259,-0.1,0.5904900000000001
Benin,Solar PV,0.34146341463414637,-0.15,0.44370531249999995
Benin,Wind (Onshore),0.26829268292682934,-0.08,0.6590815232000001
Benin,Wind (Offshore),0.14634146341463417,-0.12,0.5277319168
Benin,Hydro,0.14634146341463417,0.02,1.1040808032
Benin,Other Renewables,0.09756097560975611,-0.1,0.5904900000000001
Bermuda,Solar PV,0.41546762589928055,-0.15,0.44370531249999995
Bermuda,Wind (Onshore),0.22482014388489208,-0.08,0.6590815232000001
Bermuda,Wind (Offshore),0.13489208633093525,-0.12,0.5277319168
Bermuda,Hydro,0.13489208633093525,0.02,1.1040808032
Bermuda,Other Renewables,0.08992805755395683,-0.1,0.5904900000000001
Bhutan,Solar PV,0.34146341463414637,-0.15,0.44370531249999995
Bhutan,Wind (Onshore),0.26829268292682934,-0.08,0.6590815232000001
Bhutan,Wind (Offshore),0.14634146341463417,-0.12,0.5277319168
Bhutan,Hydro,0.14634146341463417,0.02,1.1040808032
Bhutan,Other Renewables,0.09756097560975611,-0.1,0.5904900000000001
Bolivia,Solar PV,0.37198067632850246,-0.15,0.44370531249999995
Bolivia,Wind (Onshore),0.24154589371980678,-0.08,0.6590815232000001
Bolivia,Wind (Offshore),0.14492753623188406,-0.12,0.5277319168
Bolivia,Hydro,0.14492753623188406,0.02,1.1040808032
Bolivia,Other Renewables,0.09661835748792272,-0.1,0.5904900000000001
Bosnia and Herzegovina,Solar PV,0.324074074074074,-0.15,0.44370531249999995
Bosnia and Herzegovina,Wind (Onshore),0.3055555555555555,-0.08,0.6590815232000001
Bosnia and Herzegovina,Wind (Offshore),0.13888888888888887,-0.12,0.5277319168
Bosnia and Herzegovina,Hydro,0.13888888888888887,0.02,1.1040808032
Bosnia and Herzegovina,Other Renewables,0.09259259259259259,-0.1,0.5904900000000001
Botswana,Solar PV,0.3548387096774194,-0.15,0.44370531249999995
Botswana,Wind (Onshore),0.2764976958525346,-0.08,0.6590815232000001
Botswana,Wind (Offshore),0.1382488479262673,-0.12,0.5277319168
Botswana,Hydro,0.1382488479262673,0.02,1.1040808032
Botswana,Other Renewables,0.09216589861751152,-0.1,0.5904900000000001
Brazil,Solar PV,0.3548387096774194,-0.15,0.44370531249999995
Brazil,Wind (Onshore),0.2764976958525346,-0.08,0.6590815232000001
Brazil,Wind (Offshore),0.1382488479262673,-0.12,0.5277319168
Brazil,Hydro,0.1382488479262673,0.02,1.1040808032
Brazil,Other Renewables,0.09216589861751152,-0.1,0.5904900000000001
British Virgin Islands,Solar PV,0.324074074074074,-0.15,0.44370531249999995
British Virgin Islands,Wind (Onshore),0.3055555555555555,-0.08,0.6590815232000001
British Virgin Islands,Wind (Offshore),0.13888888888888887,-0.12,0.5277319168
British Virgin Islands,Hydro,0.13888888888888887,0.02,1.1040808032
British Virgin Islands,Other Renewables,0.09259259259259259,-0.1,0.5904900000000001
Brunei Darussalam,Solar PV,0.41546762589928055,-0.15,0.44370531249999995
Brunei Darussalam,Wind (Onshore),0.22482014388489208,-0.08,0.6590815232000001
Brunei Darussalam,Wind (Offshore),0.13489208633093525,-0.12,0.5277319168
Brunei Darussalam,Hydro,0.13489208633093525,0.02,1.1040808032
Brunei Darussalam,Other Renewables,0.08992805755395683,-0.1,0.5904900000000001
Bulgaria,Solar PV,0.3548387096774194,-0.15,0.44370531249999995
Bulgaria,Wind (Onshore),0.2764976958525346,-0.08,0.6590815232000001
Bulgaria,Wind (Offshore),0.1382488479262673,-0.12,0.5277319168
Bulgaria,Hydro,0.1382488479262673,0.02,1.1040808032
Bulgaria,Other Renewables,0.09216589861751152,-0.1,0.5904900000000001
Burkina Faso,Solar PV,0.34146341463414637,-0.15,0.44370531249999995
Burkina Faso,Wind (Onshore),0.26829268292682934,-0.08,0.6590815232000001
Burkina Faso,Wind (Offshore),0.14634146341463417,-0.12,0.5277319168
Burkina Faso,Hydro,0.14634146341463417,0.02,1.1040808032
Burkina Faso,Other Renewables,0.09756097560975611,-0.1,0.5904900000000001
Burundi,Solar PV,0.34146341463414637,-0.15,0.44370531249999995
Burundi,Wind (Onshore),0.26829268292682934,-0.08,0.6590815232000001
Burundi,Wind (Offshore),0.14634146341463417,-0.12,0.5277319168
Burundi,Hydro,0.14634146341463417,0.02,1.1040808032
Burundi,Other Renewables,0.09756097560975611,-0.1,0.5904900000000001
Cabo Verde,Solar PV,0.3632075471698113,-0.15,0.44370531249999995
Cabo Verde,Wind (Onshore),0.25943396226415094,-0.08,0.6590815232000001
Cabo Verde,Wind (Offshore),0.14150943396226415,-0.12,0.5277319168
Cabo Verde,Hydro,0.14150943396226415,0.02,1.1040808032
Cabo Verde,Other Renewables,0.09433962264150944,-0.1,0.5904900000000001
Cambodia,Solar PV,0.34146341463414637,-0.15,0.44370531249999995
Cambodia,Wind (Onshore),0.26829268292682934,-0.08,0.6590815232000001
Cambodia,Wind (Offshore),0.14634146341463417,-0.12,0.5277319168
Cambodia,Hydro,0.14634146341463417,0.02,1.1040808032
Cambodia,Other Renewables,0.09756097560975611,-0.1,0.5904900000000001
Cameroon,Solar PV,0.34146341463414637,-0.15,0.44370531249999995
Cameroon,Wind (Onshore),0.26829268292682934,-0.08,0.6590815232000001
Cameroon,Wind (Offshore),0.14634146341463417,-0.12,0.5277319168
Cameroon,Hydro,0.14634146341463417,0.02,1.1040808032
Cameroon,Other Renewables,0.09756097560975611,-0.1,0.5904900000000001
Canada,Solar PV,0.41546762589928055,-0.15,0.44370531249999995
Canada,Wind (Onshore),0.22482014388489208,-0.08,0.6590815232000001
Canada,Wind (Offshore),0.13489208633093525,-0.12,0.5277319168
Canada,Hydro,0.13489208633093525,0.02,1.1040808032
Canada,Other Renewables,0.08992805755395683,-0.1,0.5904900000000001
Cayman Islands,Solar PV,0.41546762589928055,-0.15,0.44370531249999995
Cayman Islands,Wind (Onshore),0.22482014388489208,-0.08,0.6590815232000001
Cayman Islands,Wind (Offshore),0.13489208633093525,-0.12,0.5277319168
Cayman Islands,Hydro,0.13489208633093525,0.02,1.1040808032
Cayman Islands,Other Renewables,0.08992805755395683,-0.1,0.5904900000000001
Chad,Solar PV,0.34146341463414637,-0.15,0.44370531249999995
Chad,Wind (Onshore),0.26829268292682934,-0.08,0.6590815232000001
Chad,Wind (Offshore),0.14634146341463417,-0.12,0.5277319168
Chad,Hydro,0.14634146341463417,0.02,1.1040808032
Chad,Other Renewables,0.09756097560975611,-0.1,0.5904900000000001
Channel Islands,Solar PV,0.3835616438356164,-0.15,0.44370531249999995
Channel Islands,Wind (Onshore),0.25114155251141557,-0.08,0.6590815232000001
Channel Islands,Wind (Offshore),0.136986301369863,-0.12,0.5277319168
Channel Islands,Hydro,0.136986301369863,0.02,1.1040808032
Channel Islands,Other Renewables,0.09132420091324202,-0.1,0.5904900000000001
Chile,Solar PV,0.3975903614457832,-0.15,0.44370531249999995
Chile,Wind (Onshore),0.25817555938037867,-0.08,0.6590815232000001
Chile,Wind (Offshore),0.12908777969018934,-0.12,0.5277319168
Chile,Hydro,0.12908777969018934,0.02,1.1040808032
Chile,Other Renewables,0.08605851979345956,-0.1,0.5904900000000001
China,Solar PV,0.3452914798206278,-0.15,0.44370531249999995
China,Wind (Onshore),0.29596412556053814,-0.08,0.6590815232000001
China,Wind (Offshore),0.13452914798206278,-0.12,0.5277319168
China,Hydro,0.13452914798206278,0.02,1.1040808032
China,Other Renewables,0.08968609865470853,-0.1,0.5904900000000001
Colombia,Solar PV,0.3548387096774194,-0.15,0.44370531249999995
Colombia,Wind (Onshore),0.2764976958525346,-0.08,0.6590815232000001
Colombia,Wind (Offshore),0.1382488479262673,-0.12,0.5277319168
Colombia,Hydro,0.1382488479262673,0.02,1.1040808032
Colombia,Other Renewables,0.09216589861751152,-0.1,0.5904900000000001
Comoros,Solar PV,0.34146341463414637,-0.15,0.44370531249999995
Comoros,Wind (Onshore),0.26829268292682934,-0.08,0.6590815232000001
Comoros,Wind (Offshore),0.14634146341463417,-0.12,0.5277319168
Comoros,Hydro,0.14634146341463417,0.02,1.1040808032
Comoros,Other Renewables,0.09756097560975611,-0.1,0.5904900000000001
"Congo, Dem. Rep.",Solar PV,0.34146341463414637,-0.15,0.44370531249999995
"Congo, Dem. Rep.",Wind (Onshore),0.26829268292682934,-0.08,0.6590815232000001
"Congo, Dem. Rep.",Wind (Offshore),0.14634146341463417,-0.12,0.5277319168
"Congo, Dem. Rep.",Hydro,0.14634146341463417,0.02,1.1040808032
"Congo, Dem. Rep.",Other Renewables,0.09756097560975611,-0.1,0.5904900000000001
"Congo, Rep.",Solar PV,0.3632075471698113,-0.15,0.44370531249999995
"Congo, Rep.",Wind (Onshore),0.25943396226415094,-0.08,0.6590815232000001
"Congo, Rep.",Wind (Offshore),0.14150943396226415,-0.12,0.5277319168
"Congo, Rep.",Hydro,0.14150943396226415,0.02,1.1040808032
"Congo, Rep.",Other Renewables,0.09433962264150944,-0.1,0.5904900000000001
Costa Rica,Solar PV,0.3548387096774194,-0.15,0.44370531249999995
Costa Rica,Wind (Onshore),0.2764976958525346,-0.08,0.6590815232000001
Costa Rica,Wind (Offshore),0.1382488479262673,-0.12,0.5277319168
Costa Rica,Hydro,0.1382488479262673,0.02,1.1040808032
Costa Rica,Other Renewables,0.09216589861751152,-0.1,0.5904900000000001
Cote d'Ivoire,Solar PV,0.34146341463414637,-0.15,0.44370531249999995
Cote d'Ivoire,Wind (Onshore),0.26829268292682934,-0.08,0.6590815232000001
Cote d'Ivoire,Wind (Offshore),0.14634146341463417,-0.12,0.5277319168
Cote d'Ivoire,Hydro,0.14634146341463417,0.02,1.1040808032
Cote d'Ivoire,Other Renewables,0.09756097560975611,-0.1,0.5904900000000001
Croatia,Solar PV,0.3652173913043478,-0.15,0.44370531249999995
Croatia,Wind (Onshore),0.28695652173913044,-0.08,0.6590815232000001
Croatia,Wind (Offshore),0.13043478260869565,-0.12,0.5277319168
Croatia,Hydro,0.13043478260869565,0.02,1.1040808032
Croatia,Other Renewables,0.08695652173913045,-0.1,0.5904900000000001
Cuba,Solar PV,0.3548387096774194,-0.15,0.44370531249999995
Cuba,Wind (Onshore),0.2764976958525346,-0.08,0.6590815232000001
Cuba,Wind (Offshore),0.1382488479262673,-0.12,0.5277319168
Cuba,Hydro,0.1382488479262673,0.02,1.1040808032
Cuba,Other Renewables,0.09216589861751152,-0.1,0.5904900000000001
Curacao,Solar PV,0.3975903614457832,-0.15,0.44370531249999995
Curacao,Wind (Onshore),0.25817555938037867,-0.08,0.6590815232000001
Curacao,Wind (Offshore),0.12908777969018934,-0.12,0.5277319168
Curacao,Hydro,0.12908777969018934,0.02,1.1040808032
Curacao,Other Renewables,0.08605851979345956,-0.1,0.5904900000000001
Cyprus,Solar PV,0.40633245382585753,-0.15,0.44370531249999995
Cyprus,Wind (Onshore),0.24186455584872474,-0.08,0.6590815232000001
Cyprus,Wind (Offshore),0.13192612137203166,-0.12,0.5277319168
Cyprus,Hydro,0.13192612137203166,0.02,1.1040808032
Cyprus,Other Renewables,0.08795074758135445,-0.1,0.5904900000000001
Czechia,Solar PV,0.3975903614457832,-0.15,0.44370531249999995
Czechia,Wind (Onshore),0.25817555938037867,-0.08,0.6590815232000001
Czechia,Wind (Offshore),0.12908777969018934,-0.12,0.5277319168
Czechia,Hydro,0.12908777969018934,0.02,1.1040808032
Czechia,Other Renewables,0.08605851979345956,-0.1,0.5904900000000001
Denmark,Solar PV,0.41546762589928055,-0.15,0.44370531249999995
Denmark,Wind (Onshore),0.22482014388489208,-0.08,0.6590815232000001
Denmark,Wind (Offshore),0.13489208633093525,-0.12,0.5277319168
Denmark,Hydro,0.13489208633093525,0.02,1.1040808032
Denmark,Other Renewables,0.08992805755395683,-0.1,0.5904900000000001
Djibouti,Solar PV,0.37198067632850246,-0.15,0.44370531249999995
Djibouti,Wind (Onshore),0.24154589371980678,-0.08,0.6590815232000001
Djibouti,Wind (Offshore),0.14492753623188406,-0.12,0.5277319168
Djibouti,Hydro,0.14492753623188406,0.02,1.1040808032
Djibouti,Other Renewables,0.09661835748792272,-0.1,0.5904900000000001
Dominica,Solar PV,0.3548387096774194,-0.15,0.44370531249999995
Dominica,Wind (Onshore),0.2764976958525346,-0.08,0.6590815232000001
Dominica,Wind (Offshore),0.1382488479262673,-0.12,0.5277319168
Dominica,Hydro,0.1382488479262673,0.02,1.1040808032
Dominica,Other Renewables,0.09216589861751152,-0.1,0.5904900000000001
Dominican Republic,Solar PV,0.3548387096774194,-0.15,0.44370531249999995
Dominican Republic,Wind (Onshore),0.2764976958525346,-0.08,0.6590815232000001
Dominican Republic,Wind (Offshore),0.1382488479262673,-0.12,0.5277319168
Dominican Republic,Hydro,0.1382488479262673,0.02,1.1040808032
Dominican Republic,Other Renewables,0.09216589861751152,-0.1,0.5904900000000001
Early-demographic dividend,Solar PV,0.34146341463414637,-0.15,0.44370531249999995
Early-demographic dividend,Wind (Onshore),0.26829268292682934,-0.08,0.6590815232000001
Early-demographic dividend,Wind (Offshore),0.14634146341463417,-0.12,0.5277319168
Early-demographic dividend,Hydro,0.14634146341463417,0.02,1.1040808032
Early-demographic dividend,Other Renewables,0.09756097560975611,-0.1,0.5904900000000001
Ecuador,Solar PV,0.3452914798206278,-0.15,0.44370531249999995
Ecuador,Wind (Onshore),0.29596412556053814,-0.08,0.6590815232000001
Ecuador,Wind (Offshore),0.13452914798206278,-0.12,0.5277319168
Ecuador,Hydro,0.13452914798206278,0.02,1.1040808032
Ecuador,Other Renewables,0.08968609865470853,-0.1,0.5904900000000001
"Egypt, Arab Rep.",Solar PV,0.34146341463414637,-0.15,0.44370531249999995
"Egypt, Arab Rep.",Wind (Onshore),0.26829268292682934,-0.08,0.6590815232000001
"Egypt, Arab Rep.",Wind (Offshore),0.14634146341463417,-0.12,0.5277319168
"Egypt, Arab Rep.",Hydro,0.14634146341463417,0.02,1.1040808032
"Egypt, Arab Rep.",Other Renewables,0.09756097560975611,-0.1,0.5904900000000001
El Salvador,Solar PV,0.3548387096774194,-0.15,0.44370531249999995
El Salvador,Wind (Onshore),0.2764976958525346,-0.08,0.6590815232000001
El Salvador,Wind (Offshore),0.1382488479262673,-0.12,0.5277319168
El Salvador,Hydro,0.1382488479262673,0.02,1.1040808032
El Salvador,Other Renewables,0.09216589861751152,-0.1,0.5904900000000001
Equatorial Guinea,Solar PV,0.3548387096774194,-0.15,0.44370531249999995
Equatorial Guinea,Wind (Onshore),0.2764976958525346,-0.08,0.6590815232000001
Equatorial Guinea,Wind (Offshore),0.1382488479262673,-0.12,0.5277319168
Equatorial Guinea,Hydro,0.1382488479262673,0.02,1.1040808032
Equatorial Guinea,Other Renewables,0.09216589861751152,-0.1,0.5904900000000001
Eritrea,Solar PV,0.34146341463414637,-0.15,0.44370531249999995
Eritrea,Wind (Onshore),0.26829268292682934,-0.08,0.6590815232000001
Eritrea,Wind (Offshore),0.14634146341463417,-0.12,0.5277319168
Eritrea,Hydro,0.14634146341463417,0.02,1.1040808032
Eritrea,Other Renewables,0.09756097560975611,-0.1,0.5904900000000001
Estonia,Solar PV,0.3875838926174497,-0.15,0.44370531249999995
Estonia,Wind (Onshore),0.27684563758389263,-0.08,0.6590815232000001
Estonia,Wind (Offshore),0.12583892617449666,-0.12,0.5277319168
Estonia,Hydro,0.12583892617449666,0.02,1.1040808032
Estonia,Other Renewables,0.08389261744966443,-0.1,0.5904900000000001
Eswatini,Solar PV,0.34146341463414637,-0.15,0.44370531249999995
Eswatini,Wind (Onshore),0.26829268292682934,-0.08,0.6590815232000001
Eswatini,Wind (Offshore),0.14634146341463417,-0.12,0.5277319168
Eswatini,Hydro,0.14634146341463417,0.02,1.1040808032
Eswatini,Other Renewables,0.09756097560975611,-0.1,0.5904900000000001
Ethiopia,Solar PV,0.34146341463414637,-0.15,0.44370531249999995
Ethiopia,Wind (Onshore),0.26829268292682934,-0.08,0.6590815232000001
Ethiopia,Wind (Offshore),0.14634146341463417,-0.12,0.5277319168
Ethiopia,Hydro,0.14634146341463417,0.02,1.1040808032
Ethiopia,Other Renewables,0.09756097560975611,-0.1,0.5904900000000001
Faroe Islands,Solar PV,0.3835616438356164,-0.15,0.44370531249999995
Faroe Islands,Wind (Onshore),0.25114155251141557,-0.08,0.6590815232000001
Faroe Islands,Wind (Offshore),0.136986301369863,-0.12,0.5277319168
Faroe Islands,Hydro,0.136986301369863,0.02,1.1040808032
Faroe Islands,Other Renewables,0.09132420091324202,-0.1,0.5904900000000001
Fiji,Solar PV,0.324074074074074,-0.15,0.44370531249999995
Fiji,Wind (Onshore),0.3055555555555555,-0.08,0.6590815232000001
Fiji,Wind (Offshore),0.13888888888888887,-0.12,0.5277319168
Fiji,Hydro,0.13888888888888887,0.02,1.1040808032
Fiji,Other Renewables,0.09259259259259259,-0.1,0.5904900000000001
Finland,Solar PV,0.41546762589928055,-0.15,0.44370531249999995
Finland,Wind (Onshore),0.22482014388489208,-0.08,0.6590815232000001
Finland,Wind (Offshore),0.13489208633093525,-0.12,0.5277319168
Finland,Hydro,0.13489208633093525,0.02,1.1040808032
Finland,Other Renewables,0.08992805755395683,-0.1,0.5904900000000001
France,Solar PV,0.41546762589928055,-0.15,0.44370531249999995
France,Wind (Onshore),0.22482014388489208,-0.08,0.6590815232000001
France,Wind (Offshore),0.13489208633093525,-0.12,0.5277319168
France,Hydro,0.13489208633093525,0.02,1.1040808032
France,Other Renewables,0.08992805755395683,-0.1,0.5904900000000001
French Polynesia,Solar PV,0.3875838926174497,-0.15,0.44370531249999995
French Polynesia,Wind (Onshore),0.27684563758389263,-0.08,0.6590815232000001
French Polynesia,Wind (Offshore),0.12583892617449666,-0.12,0.5277319168
French Polynesia,Hydro,0.12583892617449666,0.02,1.1040808032
French Polynesia,Other Renewables,0.08389261744966443,-0.1,0.5904900000000001
Gabon,Solar PV,0.3548387096774194,-0.15,0.44370531249999995
Gabon,Wind (Onshore),0.2764976958525346,-0.08,0.6590815232000001
Gabon,Wind (Offshore),0.1382488479262673,-0.12,0.5277319168
Gabon,Hydro,0.1382488479262673,0.02,1.1040808032
Gabon,Other Renewables,0.09216589861751152,-0.1,0.5904900000000001
"Gambia, The",Solar PV,0.3632075471698113,-0.15,0.44370531249999995
"Gambia, The",Wind (Onshore),0.25943396226415094,-0.08,0.6590815232000001
"Gambia, The",Wind (Offshore),0.14150943396226415,-0.12,0.5277319168
"Gambia, The",Hydro,0.14150943396226415,0.02,1.1040808032
"Gambia, The",Other Renewables,0.09433962264150944,-0.1,0.5904900000000001
Georgia,Solar PV,0.3452914798206278,-0.15,0.44370531249999995
Georgia,Wind (Onshore),0.29596412556053814,-0.08,0.6590815232000001
Georgia,Wind (Offshore),0.13452914798206278,-0.12,0.5277319168
Georgia,Hydro,0.13452914798206278,0.02,1.1040808032
Georgia,Other Renewables,0.08968609865470853,-0.1,0.5904900000000001
Germany,Solar PV,0.41546762589928055,-0.15,0.44370531249999995
Germany,Wind (Onshore),0.22482014388489208,-0.08,0.6590815232000001
Germany,Wind (Offshore),0.13489208633093525,-0.12,0.5277319168
Germany,Hydro,0.13489208633093525,0.02,1.1040808032
Germany,Other Renewables,0.08992805755395683,-0.1,0.5904900000000001
Ghana,Solar PV,0.34146341463414637,-0.15,0.44370531249999995
Ghana,Wind (Onshore),0.26829268292682934,-0.08,0.6590815232000001
Ghana,Wind (Offshore),0.14634146341463417,-0.12,0.5277319168
Ghana,Hydro,0.14634146341463417,0.02,1.1040808032
Ghana,Other Renewables,0.09756097560975611,-0.1,0.5904900000000001
Gibraltar,Solar PV,0.3548387096774194,-0.15,0.44370531249999995
Gibraltar,Wind (Onshore),0.2764976958525346,-0.08,0.6590815232000001
Gibraltar,Wind (Offshore),0.1382488479262673,-0.12,0.5277319168
Gibraltar,Hydro,0.1382488479262673,0.02,1.1040808032
Gibraltar,Other Renewables,0.09216589861751152,-0.1,0.5904900000000001
Greece,Solar PV,0.3975903614457832,-0.15,0.44370531249999995
Greece,Wind (Onshore),0.25817555938037867,-0.08,0.6590815232000001
Greece,Wind (Offshore),0.12908777969018934,-0.12,0.5277319168
Greece,Hydro,0.12908777969018934,0.02,1.1040808032
Greece,Other Renewables,0.08605851979345956,-0.1,0.5904900000000001
Greenland,Solar PV,0.41546762589928055,-0.15,0.44370531249999995
Greenland,Wind (Onshore),0.22482014388489208,-0.08,0.6590815232000001
Greenland,Wind (Offshore),0.13489208633093525,-0.12,0.5277319168
Greenland,Hydro,0.13489208633093525,0.02,1.1040808032
Greenland,Other Renewables,0.08992805755395683,-0.1,0.5904900000000001
Grenada,Solar PV,0.324074074074074,-0.15,0.44370531249999995
Grenada,Wind (Onshore),0.3055555555555555,-0.08,0.6590815232000001
Grenada,Wind (Offshore),0.13888888888888887,-0.12,0.5277319168
Grenada,Hydro,0.13888888888888887,0.02,1.1040808032
Grenada,Other Renewables,0.09259259259259259,-0.1,0.5904900000000001
Guam,Solar PV,0.41546762589928055,-0.15,0.44370531249999995
Guam,Wind (Onshore),0.22482014388489208,-0.08,0.6590815232000001
Guam,Wind (Offshore),0.13489208633093525,-0.12,0.5277319168
Guam,Hydro,0.13489208633093525,0.02,1.1040808032
Guam,Other Renewables,0.08992805755395683,-0.1,0.5904900000000001
Guatemala,Solar PV,0.324074074074074,-0.15,0.44370531249999995
Guatemala,Wind (Onshore),0.3055555555555555,-0.08,0.6590815232000001
Guatemala,Wind (Offshore),0.13888888888888887,-0.12,0.5277319168
Guatemala,Hydro,0.13888888888888887,0.02,1.1040808032
Guatemala,Other Renewables,0.09259259259259259,-0.1,0.5904900000000001
Guinea,Solar PV,0.34146341463414637,-0.15,0.44370531249999995
Guinea,Wind (Onshore),0.26829268292682934,-0.08,0.6590815232000001
Guinea,Wind (Offshore),0.14634146341463417,-0.12,0.5277319168
Guinea,Hydro,0.14634146341463417,0.02,1.1040808032
Guinea,Other Renewables,0.09756097560975611,-0.1,0.5904900000000001
Guinea-Bissau,Solar PV,0.34146341463414637,-0.15,0.44370531249999995
Guinea-Bissau,Wind (Onshore),0.26829268292682934,-0.08,0.6590815232000001
Guinea-Bissau,Wind (Offshore),0.14634146341463417,-0.12,0.5277319168
Guinea-Bissau,Hydro,0.14634146341463417,0.02,1.1040808032
Guinea-Bissau,Other Renewables,0.09756097560975611,-0.1,0.5904900000000001
Guyana,Solar PV,0.3652173913043478,-0.15,0.44370531249999995
Guyana,Wind (Onshore),0.28695652173913044,-0.08,0.6590815232000001
Guyana,Wind (Offshore),0.13043478260869565,-0.12,0.5277319168
Guyana,Hydro,0.13043478260869565,0.02,1.1040808032
Guyana,Other Renewables,0.08695652173913045,-0.1,0.5904900000000001
Haiti,Solar PV,0.34146341463414637,-0.15,0.44370531249999995
Haiti,Wind (Onshore),0.26829268292682934,-0.08,0.6590815232000001
Haiti,Wind (Offshore),0.14634146341463417,-0.12,0.5277319168
Haiti,Hydro,0.14634146341463417,0.02,1.1040808032
Haiti,Other Renewables,0.09756097560975611,-0.1,0.5904900000000001
Honduras,Solar PV,0.34146341463414637,-0.15,0.44370531249999995
Honduras,Wind (Onshore),0.26829268292682934,-0.08,0.6590815232000001
Honduras,Wind (Offshore),0.14634146341463417,-0.12,0.5277319168
Honduras,Hydro,0.14634146341463417,0.02,1.1040808032
Honduras,Other Renewables,0.09756097560975611,-0.1,0.5904900000000001
"Hong Kong SAR, China",Solar PV,0.41546762589928055,-0.15,0.44370531249999995
"Hong Kong SAR, China",Wind (Onshore),0.22482014388489208,-0.08,0.6590815232000001
"Hong Kong SAR, China",Wind (Offshore),0.13489208633093525,-0.12,0.5277319168
"Hong Kong SAR, China",Hydro,0.13489208633093525,0.02,1.1040808032
"Hong Kong SAR, China",Other Renewables,0.08992805755395683,-0.1,0.5904900000000001
Hungary,Solar PV,0.3975903614457832,-0.15,0.44370531249999995
Hungary,Wind (Onshore),0.25817555938037867,-0.08,0.6590815232000001
Hungary,Wind (Offshore),0.12908777969018934,-0.12,0.5277319168
Hungary,Hydro,0.12908777969018934,0.02,1.1040808032
Hungary,Other Renewables,0.08605851979345956,-0.1,0.5904900000000001
Iceland,Solar PV,0.41546762589928055,-0.15,0.44370531249999995
Iceland,Wind (Onshore),0.22482014388489208,-0.08,0.6590815232000001
Iceland,Wind (Offshore),0.13489208633093525,-0.12,0.5277319168
Iceland,Hydro,0.13489208633093525,0.02,1.1040808032
Iceland,Other Renewables,0.08992805755395683,-0.1,0.5904900000000001
India,Solar PV,0.34146341463414637,-0.15,0.44370531249999995
India,Wind (Onshore),0.26829268292682934,-0.08,0.6590815232000001
India,Wind (Offshore),0.14634146341463417,-0.12,0.5277319168
India,Hydro,0.14634146341463417,0.02,1.1040808032
India,Other Renewables,0.09756097560975611,-0.1,0.5904900000000001
Indonesia,Solar PV,0.34146341463414637,-0.15,0.44370531249999995
Indonesia,Wind (Onshore),0.26829268292682934,-0.08,0.6590815232000001
Indonesia,Wind (Offshore),0.14634146341463417,-0.12,0.5277319168
Indonesia,Hydro,0.14634146341463417,0.02,1.1040808032
Indonesia,Other Renewables,0.09756097560975611,-0.1,0.5904900000000001
"Iran, Islamic Rep.",Solar PV,0.37198067632850246,-0.15,0.44370531249999995
"Iran, Islamic Rep.",Wind (Onshore),0.24154589371980678,-0.08,0.6590815232000001
"Iran, Islamic Rep.",Wind (Offshore),0.14492753623188406,-0.12,0.5277319168
"Iran, Islamic Rep.",Hydro,0.14492753623188406,0.02,1.1040808032
"Iran, Islamic Rep.",Other Renewables,0.09661835748792272,-0.1,0.5904900000000001
Iraq,Solar PV,0.3548387096774194,-0.15,0.44370531249999995
Iraq,Wind (Onshore),0.2764976958525346,-0.08,0.6590815232000001
Iraq,Wind (Offshore),0.1382488479262673,-0.12,0.5277319168
Iraq,Hydro,0.1382488479262673,0.02,1.1040808032
Iraq,Other Renewables,0.09216589861751152,-0.1,0.5904900000000001
Ireland,Solar PV,0.40633245382585753,-0.15,0.44370531249999995
Ireland,Wind (Onshore),0.24186455584872474,-0.08,0.6590815232000001
Ireland,Wind (Offshore),0.13192612137203166,-0.12,0.5277319168
Ireland,Hydro,0.13192612137203166,0.02,1.1040808032
Ireland,Other Renewables,0.08795074758135445,-0.1,0.5904900000000001
Isle of Man,Solar PV,0.3835616438356164,-0.15,0.44370531249999995
Isle of Man,Wind (Onshore),0.25114155251141557,-0.08,0.6590815232000001
Isle of Man,Wind (Offshore),0.136986301369863,-0.12,0.5277319168
Isle of Man,Hydro,0.136986301369863,0.02,1.1040808032
Isle of Man,Other Renewables,0.09132420091324202,-0.1,0.5904900000000001
Israel,Solar PV,0.41546762589928055,-0.15,0.44370531249999995
Israel,Wind (Onshore),0.22482014388489208,-0.08,0.6590815232000001
Israel,Wind (Offshore),0.13489208633093525,-0.12,0.5277319168
Israel,Hydro,0.13489208633093525,0.02,1.1040808032
Israel,Other Renewables,0.08992805755395683,-0.1,0.5904900000000001
Italy,Solar PV,0.41546762589928055,-0.15,0.44370531249999995
Italy,Wind (Onshore),0.22482014388489208,-0.08,0.6590815232000001
Italy,Wind (Offshore),0.13489208633093525,-0.12,0.5277319168
Italy,Hydro,0.13489208633093525,0.02,1.1040808032
Italy,Other Renewables,0.08992805755395683,-0.1,0.5904900000000001
Jamaica,Solar PV,0.324074074074074,-0.15,0.44370531249999995
Jamaica,Wind (Onshore),0.3055555555555555,-0.08,0.6590815232000001
Jamaica,Wind (Offshore),0.13888888888888887,-0.12,0.5277319168
Jamaica,Hydro,0.13888888888888887,0.02,1.1040808032
Jamaica,Other Renewables,0.09259259259259259,-0.1,0.5904900000000001
Japan,Solar PV,0.41546762589928055,-0.15,0.44370531249999995
Japan,Wind (Onshore),0.22482014388489208,-0.08,0.6590815232000001
Japan,Wind (Offshore),0.13489208633093525,-0.12,0.5277319168
Japan,Hydro,0.13489208633093525,0.02,1.1040808032
Japan,Other Renewables,0.08992805755395683,-0.1,0.5904900000000001
Jordan,Solar PV,0.37198067632850246,-0.15,0.44370531249999995
Jordan,Wind (Onshore),0.24154589371980678,-0.08,0.6590815232000001
Jordan,Wind (Offshore),0.14492753623188406,-0.12,0.5277319168
Jordan,Hydro,0.14492753623188406,0.02,1.1040808032
Jordan,Other Renewables,0.09661835748792272,-0.1,0.5904900000000001
Kazakhstan,Solar PV,0.324074074074074,-0.15,0.44370531249999995
Kazakhstan,Wind (Onshore),0.3055555555555555,-0.08,0.6590815232000001
Kazakhstan,Wind (Offshore),0.13888888888888887,-0.12,0.5277319168
Kazakhstan,Hydro,0.13888888888888887,0.02,1.1040808032
Kazakhstan,Other Renewables,0.09259259259259259,-0.1,0.5904900000000001
Kenya,Solar PV,0.34146341463414637,-0.15,0.44370531249999995
Kenya,Wind (Onshore),0.26829268292682934,-0.08,0.6590815232000001
Kenya,Wind (Offshore),0.14634146341463417,-0.12,0.5277319168
Kenya,Hydro,0.14634146341463417,0.02,1.1040808032
Kenya,Other Renewables,0.09756097560975611,-0.1,0.5904900000000001
Kiribati,Solar PV,0.34146341463414637,-0.15,0.44370531249999995
Kiribati,Wind (Onshore),0.26829268292682934,-0.08,0.6590815232000001
Kiribati,Wind (Offshore),0.14634146341463417,-0.12,0.5277319168
Kiribati,Hydro,0.14634146341463417,0.02,1.1040808032
Kiribati,Other Renewables,0.09756097560975611,-0.1,0.5904900000000001
"Korea, Dem. People's Rep.",Solar PV,0.3452914798206278,-0.15,0.44370531249999995
"Korea, Dem. People's Rep.",Wind (Onshore),0.29596412556053814,-0.08,0.6590815232000001
"Korea, Dem. People's Rep.",Wind (Offshore),0.13452914798206278,-0.12,0.5277319168
"Korea, Dem. People's Rep.",Hydro,0.13452914798206278,0.02,1.1040808032
"Korea, Dem. People's Rep.",Other Renewables,0.08968609865470853,-0.1,0.5904900000000001
"Korea, Rep.",Solar PV,0.41546762589928055,-0.15,0.44370531249999995
"Korea, Rep.",Wind (Onshore),0.22482014388489208,-0.08,0.6590815232000001
"Korea, Rep.",Wind (Offshore),0.13489208633093525,-0.12,0.5277319168
"Korea, Rep.",Hydro,0.13489208633093525,0.02,1.1040808032
"Korea, Rep.",Other Renewables,0.08992805755395683,-0.1,0.5904900000000001
Kuwait,Solar PV,0.41546762589928055,-0.15,0.44370531249999995
Kuwait,Wind (Onshore),0.22482014388489208,-0.08,0.6590815232000001
Kuwait,Wind (Offshore),0.13489208633093525,-0.12,0.5277319168
Kuwait,Hydro,0.13489208633093525,0.02,1.1040808032
Kuwait,Other Renewables,0.08992805755395683,-0.1,0.5904900000000001
Kyrgyz Republic,Solar PV,0.34146341463414637,-0.15,0.44370531249999995
Kyrgyz Republic,Wind (Onshore),0.26829268292682934,-0.08,0.6590815232000001
Kyrgyz Republic,Wind (Offshore),0.14634146341463417,-0.12,0.5277319168
Kyrgyz Republic,Hydro,0.14634146341463417,0.02,1.1040808032
Kyrgyz Republic,Other Renewables,0.09756097560975611,-0.1,0.5904900000000001
Lao PDR,Solar PV,0.34146341463414637,-0.15,0.44370531249999995
Lao PDR,Wind (Onshore),0.26829268292682934,-0.08,0.6590815232000001
Lao PDR,Wind (Offshore),0.14634146341463417,-0.12,0.5277319168
Lao PDR,Hydro,0.14634146341463417,0.02,1.1040808032
Lao PDR,Other Renewables,0.09756097560975611,-0.1,0.5904900000000001
Late-demographic dividend,Solar PV,0.3452914798206278,-0.15,0.44370531249999995
Late-demographic dividend,Wind (Onshore),0.29596412556053814,-0.08,0.6590815232000001
Late-demographic dividend,Wind (Offshore),0.13452914798206278,-0.12,0.5277319168
Late-demographic dividend,Hydro,0.13452914798206278,0.02,1.1040808032
Late-demographic dividend,Other Renewables,0.08968609865470853,-0.1,0.5904900000000001
Latvia,Solar PV,0.3875838926174497,-0.15,0.44370531249999995
Latvia,Wind (Onshore),0.27684563758389263,-0.08,0.6590815232000001
Latvia,Wind (Offshore),0.12583892617449666,-0.12,0.5277319168
Latvia,Hydro,0.12583892617449666,0.02,1.1040808032
Latvia,Other Renewables,0.08389261744966443,-0.1,0.5904900000000001
Lebanon,Solar PV,0.37198067632850246,-0.15,0.44370531249999995
Lebanon,Wind (Onshore),0.24154589371980678,-0.08,0.6590815232000001
Lebanon,Wind (Offshore),0.14492753623188406,-0.12,0.5277319168
Lebanon,Hydro,0.14492753623188406,0.02,1.1040808032
Lebanon,Other Renewables,0.09661835748792272,-0.1,0.5904900000000001
Lesotho,Solar PV,0.34146341463414637,-0.15,0.44370531249999995
Lesotho,Wind (Onshore),0.26829268292682934,-0.08,0.6590815232000001
Lesotho,Wind (Offshore),0.14634146341463417,-0.12,0.5277319168
Lesotho,Hydro,0.14634146341463417,0.02,1.1040808032
Lesotho,Other Renewables,0.09756097560975611,-0.1,0.5904900000000001
Liberia,Solar PV,0.34146341463414637,-0.15,0.44370531249999995
Liberia,Wind (Onshore),0.26829268292682934,-0.08,0.6590815232000001
Liberia,Wind (Offshore),0.14634146341463417,-0.12,0.5277319168
Liberia,Hydro,0.14634146341463417,0.02,1.1040808032
Liberia,Other Renewables,0.09756097560975611,-0.1,0.5904900000000001
Libya,Solar PV,0.3548387096774194,-0.15,0.44370531249999995
Libya,Wind (Onshore),0.2764976958525346,-0.08,0.6590815232000001
Libya,Wind (Offshore),0.1382488479262673,-0.12,0.5277319168
Libya,Hydro,0.1382488479262673,0.02,1.1040808032
Libya,Other Renewables,0.09216589861751152,-0.1,0.5904900000000001
Liechtenstein,Solar PV,0.3835616438356164,-0.15,0.44370531249999995
Liechtenstein,Wind (Onshore),0.25114155251141557,-0.08,0.6590815232000001
Liechtenstein,Wind (Offshore),0.136986301369863,-0.12,0.5277319168
Liechtenstein,Hydro,0.136986301369863,0.02,1.1040808032
Liechtenstein,Other Renewables,0.09132420091324202,-0.1,0.5904900000000001
Lithuania,Solar PV,0.3875838926174497,-0.15,0.44370531249999995
Lithuania,Wind (Onshore),0.27684563758389263,-0.08,0.6590815232000001
Lithuania,Wind (Offshore),0.12583892617449666,-0.12,0.5277319168
Lithuania,Hydro,0.12583892617449666,0.02,1.1040808032
Lithuania,Other Renewables,0.08389261744966443,-0.1,0.5904900000000001
Luxembourg,Solar PV,0.41546762589928055,-0.15,0.44370531249999995
Luxembourg,Wind (Onshore),0.22482014388489208,-0.08,0.6590815232000001
Luxembourg,Wind (Offshore),0.13489208633093525,-0.12,0.5277319168
Luxembourg,Hydro,0.13489208633093525,0.02,1.1040808032
Luxembourg,Other Renewables,0.08992805755395683,-0.1,0.5904900000000001
"Macao SAR, China",Solar PV,0.41546762589928055,-0.15,0.44370531249999995
"Macao SAR, China",Wind (Onshore),0.22482014388489208,-0.08,0.6590815232000001
"Macao SAR, China",Wind (Offshore),0.13489208633093525,-0.12,0.5277319168
"Macao SAR, China",Hydro,0.13489208633093525,0.02,1.1040808032
"Macao SAR, China",Other Renewables,0.08992805755395683,-0.1,0.5904900000000001
Madagascar,Solar PV,0.34146341463414637,-0.15,0.44370531249999995
Madagascar,Wind (Onshore),0.26829268292682934,-0.08,0.6590815232000001
Madagascar,Wind (Offshore),0.14634146341463417,-0.12,0.5277319168
Madagascar,Hydro,0.14634146341463417,0.02,1.1040808032
Madagascar,Other Renewables,0.09756097560975611,-0.1,0.5904900000000001
Malawi,Solar PV,0.34146341463414637,-0.15,0.44370531249999995
Malawi,Wind (Onshore),0.26829268292682934,-0.08,0.6590815232000001
Malawi,Wind (Offshore),0.14634146341463417,-0.12,0.5277319168
Malawi,Hydro,0.14634146341463417,0.02,1.1040808032
Malawi,Other Renewables,0.09756097560975611,-0.1,0.5904900000000001
Malaysia,Solar PV,0.3548387096774194,-0.15,0.44370531249999995
Malaysia,Wind (Onshore),0.2764976958525346,-0.08,0.6590815232000001
Malaysia,Wind (Offshore),0.1382488479262673,-0.12,0.5277319168
Malaysia,Hydro,0.1382488479262673,0.02,1.1040808032
Malaysia,Other Renewables,0.09216589861751152,-0.1,0.5904900000000001
Maldives,Solar PV,0.324074074074074,-0.15,0.44370531249999995
Maldives,Wind (Onshore),0.3055555555555555,-0.08,0.6590815232000001
Maldives,Wind (Offshore),0.13888888888888887,-0.12,0.5277319168
Maldives,Hydro,0.13888888888888887,0.02,1.1040808032
Maldives,Other Renewables,0.09259259259259259,-0.1,0.5904900000000001
Mali,Solar PV,0.34146341463414637,-0.15,0.44370531249999995
Mali,Wind (Onshore),0.26829268292682934,-0.08,0.6590815232000001
Mali,Wind (Offshore),0.14634146341463417,-0.12,0.5277319168
Mali,Hydro,0.14634146341463417,0.02,1.1040808032
Mali,Other Renewables,0.09756097560975611,-0.1,0.5904900000000001
Malta,Solar PV,0.41546762589928055,-0.15,0.44370531249999995
Malta,Wind (Onshore),0.22482014388489208,-0.08,0.6590815232000001
Malta,Wind (Offshore),0.13489208633093525,-0.12,0.5277319168
Malta,Hydro,0.13489208633093525,0.02,1.1040808032
Malta,Other Renewables,0.08992805755395683,-0.1,0.5904900000000001
Marshall Islands,Solar PV,0.3548387096774194,-0.15,0.44370531249999995
Marshall Islands,Wind (Onshore),0.2764976958525346,-0.08,0.6590815232000001
Marshall Islands,Wind (Offshore),0.1382488479262673,-0.12,0.5277319168
Marshall Islands,Hydro,0.1382488479262673,0.02,1.1040808032
Marshall Islands,Other Renewables,0.09216589861751152,-0.1,0.5904900000000001
Mauritania,Solar PV,0.34146341463414637,-0.15,0.44370531249999995
Mauritania,Wind (Onshore),0.26829268292682934,-0.08,0.6590815232000001
Mauritania,Wind (Offshore),0.14634146341463417,-0.12,0.5277319168
Mauritania,Hydro,0.14634146341463417,0.02,1.1040808032
Mauritania,Other Renewables,0.09756097560975611,-0.1,0.5904900000000001
Mauritius,Solar PV,0.324074074074074,-0.15,0.44370531249999995
Mauritius,Wind (Onshore),0.3055555555555555,-0.08,0.6590815232000001
Mauritius,Wind (Offshore),0.13888888888888887,-0.12,0.5277319168
Mauritius,Hydro,0.13888888888888887,0.02,1.1040808032
Mauritius,Other Renewables,0.09259259259259259,-0.1,0.5904900000000001
Mexico,Solar PV,0.3548387096774194,-0.15,0.44370531249999995
Mexico,Wind (Onshore),0.2764976958525346,-0.08,0.6590815232000001
Mexico,Wind (Offshore),0.1382488479262673,-0.12,0.5277319168
Mexico,Hydro,0.1382488479262673,0.02,1.1040808032
Mexico,Other Renewables,0.09216589861751152,-0.1,0.5904900000000001
"Micronesia, Fed. Sts.",Solar PV,0.34146341463414637,-0.15,0.44370531249999995
"Micronesia, Fed. Sts.",Wind (Onshore),0.26829268292682934,-0.08,0.6590815232000001
"Micronesia, Fed. Sts.",Wind (Offshore),0.14634146341463417,-0.12,0.5277319168
"Micronesia, Fed. Sts.",Hydro,0.14634146341463417,0.02,1.1040808032
"Micronesia, Fed. Sts.",Other Renewables,0.09756097560975611,-0.1,0.5904900000000001
Moldova,Solar PV,0.324074074074074,-0.15,0.44370531249999995
Moldova,Wind (Onshore),0.3055555555555555,-0.08,0.6590815232000001
Moldova,Wind (Offshore),0.13888888888888887,-0.12,0.5277319168
Moldova,Hydro,0.13888888888888887,0.02,1.1040808032
Moldova,Other Renewables,0.09259259259259259,-0.1,0.5904900000000001
Monaco,Solar PV,0.41546762589928055,-0.15,0.44370531249999995
Monaco,Wind (Onshore),0.22482014388489208,-0.08,0.6590815232000001
Monaco,Wind (Offshore),0.13489208633093525,-0.12,0.5277319168
Monaco,Hydro,0.13489208633093525,0.02,1.1040808032
Monaco,Other Renewables,0.08992805755395683,-0.1,0.5904900000000001
Mongolia,Solar PV,0.3632075471698113,-0.15,0.44370531249999995
Mongolia,Wind (Onshore),0.25943396226415094,-0.08,0.6590815232000001
Mongolia,Wind (Offshore),0.14150943396226415,-0.12,0.5277319168
Mongolia,Hydro,0.14150943396226415,0.02,1.1040808032
Mongolia,Other Renewables,0.09433962264150944,-0.1,0.5904900000000001
Montenegro,Solar PV,0.3452914798206278,-0.15,0.44370531249999995
Montenegro,Wind (Onshore),0.29596412556053814,-0.08,0.6590815232000001
Montenegro,Wind (Offshore),0.13452914798206278,-0.12,0.5277319168
Montenegro,Hydro,0.13452914798206278,0.02,1.1040808032
Montenegro,Other Renewables,0.08968609865470853,-0.1,0.5904900000000001
Morocco,Solar PV,0.3632075471698113,-0.15,0.44370531249999995
Morocco,Wind (Onshore),0.25943396226415094,-0.08,0.6590815232000001
Morocco,Wind (Offshore),0.14150943396226415,-0.12,0.5277319168
Morocco,Hydro,0.14150943396226415,0.02,1.1040808032
Morocco,Other Renewables,0.09433962264150944,-0.1,0.5904900000000001
Mozambique,Solar PV,0.34146341463414637,-0.15,0.44370531249999995
Mozambique,Wind (Onshore),0.26829268292682934,-0.08,0.6590815232000001
Mozambique,Wind (Offshore),0.14634146341463417,-0.12,0.5277319168
Mozambique,Hydro,0.14634146341463417,0.02,1.1040808032
Mozambique,Other Renewables,0.09756097560975611,-0.1,0.5904900000000001
Myanmar,Solar PV,0.34146341463414637,-0.15,0.44370531249999995
Myanmar,Wind (Onshore),0.26829268292682934,-0.08,0.6590815232000001
Myanmar,Wind (Offshore),0.14634146341463417,-0.12,0.5277319168
Myanmar,Hydro,0.14634146341463417,0.02,1.1040808032
Myanmar,Other Renewables,0.09756097560975611,-0.1,0.5904900000000001
Namibia,Solar PV,0.34146341463414637,-0.15,0.44370531249999995
Namibia,Wind (Onshore),0.26829268292682934,-0.08,0.6590815232000001
Namibia,Wind (Offshore),0.14634146341463417,-0.12,0.5277319168
Namibia,Hydro,0.14634146341463417,0.02,1.1040808032
Namibia,Other Renewables,0.09756097560975611,-0.1,0.5904900000000001
Nauru,Solar PV,0.3548387096774194,-0.15,0.44370531249999995
Nauru,Wind (Onshore),0.2764976958525346,-0.08,0.6590815232000001
Nauru,Wind (Offshore),0.1382488479262673,-0.12,0.5277319168
Nauru,Hydro,0.1382488479262673,0.02,1.1040808032
Nauru,Other Renewables,0.09216589861751152,-0.1,0.5904900000000001
Nepal,Solar PV,0.34146341463414637,-0.15,0.44370531249999995
Nepal,Wind (Onshore),0.26829268292682934,-0.08,0.6590815232000001
Nepal,Wind (Offshore),0.14634146341463417,-0.12,0.5277319168
Nepal,Hydro,0.14634146341463417,0.02,1.1040808032
Nepal,Other Renewables,0.09756097560975611,-0.1,0.5904900000000001
Netherlands,Solar PV,0.41546762589928055,-0.15,0.44370531249999995
Netherlands,Wind (Onshore),0.22482014388489208,-0.08,0.6590815232000001
Netherlands,Wind (Offshore),0.13489208633093525,-0.12,0.5277319168
Netherlands,Hydro,0.13489208633093525,0.02,1.1040808032
Netherlands,Other Renewables,0.08992805755395683,-0.1,0.5904900000000001
New Caledonia,Solar PV,0.41546762589928055,-0.15,0.44370531249999995
New Caledonia,Wind (Onshore),0.22482014388489208,-0.08,0.6590815232000001
New Caledonia,Wind (Offshore),0.13489208633093525,-0.12,0.5277319168
New Caledonia,Hydro,0.13489208633093525,0.02,1.1040808032
New Caledonia,Other Renewables,0.08992805755395683,-0.1,0.5904900000000001
New Zealand,Solar PV,0.41546762589928055,-0.15,0.44370531249999995
New Zealand,Wind (Onshore),0.22482014388489208,-0.08,0.6590815232000001
New Zealand,Wind (Offshore),0.13489208633093525,-0.12,0.5277319168
New Zealand,Hydro,0.13489208633093525,0.02,1.1040808032
New Zealand,Other Renewables,0.08992805755395683,-0.1,0.5904900000000001
Nicaragua,Solar PV,0.34146341463414637,-0.15,0.44370531249999995
Nicaragua,Wind (Onshore),0.26829268292682934,-0.08,0.6590815232000001
Nicaragua,Wind (Offshore),0.14634146341463417,-0.12,0.5277319168
Nicaragua,Hydro,0.14634146341463417,0.02,1.1040808032
Nicaragua,Other Renewables,0.09756097560975611,-0.1,0.5904900000000001
Niger,Solar PV,0.34146341463414637,-0.15,0.44370531249999995
Niger,Wind (Onshore),0.26829268292682934,-0.08,0.6590815232000001
Niger,Wind (Offshore),0.14634146341463417,-0.12,0.5277319168
Niger,Hydro,0.14634146341463417,0.02,1.1040808032
Niger,Other Renewables,0.09756097560975611,-0.1,0.5904900000000001
Nigeria,Solar PV,0.34146341463414637,-0.15,0.44370531249999995
Nigeria,Wind (Onshore),0.26829268292682934,-0.08,0.6590815232000001
Nigeria,Wind (Offshore),0.14634146341463417,-0.12,0.5277319168
Nigeria,Hydro,0.14634146341463417,0.02,1.1040808032
Nigeria,Other Renewables,0.09756097560975611,-0.1,0.5904900000000001
North Macedonia,Solar PV,0.324074074074074,-0.15,0.44370531249999995
North Macedonia,Wind (Onshore),0.3055555555555555,-0.08,0.6590815232000001
North Macedonia,Wind (Offshore),0.13888888888888887,-0.12,0.5277319168
North Macedonia,Hydro,0.13888888888888887,0.02,1.1040808032
North Macedonia,Other Renewables,0.09259259259259259,-0.1,0.5904900000000001
Northern Mariana Islands,Solar PV,0.3975903614457832,-0.15,0.44370531249999995
Northern Mariana Islands,Wind (Onshore),0.25817555938037867,-0.08,0.6590815232000001
Northern Mariana Islands,Wind (Offshore),0.12908777969018934,-0.12,0.5277319168
Northern Mariana Islands,Hydro,0.12908777969018934,0.02,1.1040808032
Northern Mariana Islands,Other Renewables,0.08605851979345956,-0.1,0.5904900000000001
Norway,Solar PV,0.41546762589928055,-0.15,0.44370531249999995
Norway,Wind (Onshore),0.22482014388489208,-0.08,0.6590815232000001
Norway,Wind (Offshore),0.13489208633093525,-0.12,0.5277319168
Norway,Hydro,0.13489208633093525,0.02,1.1040808032
Norway,Other Renewables,0.08992805755395683,-0.1,0.5904900000000001
Oman,Solar PV,0.3975903614457832,-0.15,0.44370531249999995
Oman,Wind (Onshore),0.25817555938037867,-0.08,0.6590815232000001
Oman,Wind (Offshore),0.12908777969018934,-0.12,0.5277319168
Oman,Hydro,0.12908777969018934,0.02,1.1040808032
Oman,Other Renewables,0.08605851979345956,-0.1,0.5904900000000001
Pakistan,Solar PV,0.34146341463414637,-0.15,0.44370531249999995
Pakistan,Wind (Onshore),0.26829268292682934,-0.08,0.6590815232000001
Pakistan,Wind (Offshore),0.14634146341463417,-0.12,0.5277319168
Pakistan,Hydro,0.14634146341463417,0.02,1.1040808032
Pakistan,Other Renewables,0.09756097560975611,-0.1,0.5904900000000001
Palau,Solar PV,0.3548387096774194,-0.15,0.44370531249999995
Palau,Wind (Onshore),0.2764976958525346,-0.08,0.6590815232000001
Palau,Wind (Offshore),0.1382488479262673,-0.12,0.5277319168
Palau,Hydro,0.1382488479262673,0.02,1.1040808032
Palau,Other Renewables,0.09216589861751152,-0.1,0.5904900000000001
Panama,Solar PV,0.3875838926174497,-0.15,0.44370531249999995
Panama,Wind (Onshore),0.27684563758389263,-0.08,0.6590815232000001
Panama,Wind (Offshore),0.12583892617449666,-0.12,0.5277319168
Panama,Hydro,0.12583892617449666,0.02,1.1040808032
Panama,Other Renewables,0.08389261744966443,-0.1,0.5904900000000001
Papua New Guinea,Solar PV,0.34146341463414637,-0.15,0.44370531249999995
Papua New Guinea,Wind (Onshore),0.26829268292682934,-0.08,0.6590815232000001
Papua New Guinea,Wind (Offshore),0.14634146341463417,-0.12,0.5277319168
Papua New Guinea,Hydro,0.14634146341463417,0.02,1.1040808032
Papua New Guinea,Other Renewables,0.09756097560975611,-0.1,0.5904900000000001
Paraguay,Solar PV,0.3452914798206278,-0.15,0.44370531249999995
Paraguay,Wind (Onshore),0.29596412556053814,-0.08,0.6590815232000001
Paraguay,Wind (Offshore),0.13452914798206278,-0.12,0.5277319168
Paraguay,Hydro,0.13452914798206278,0.02,1.1040808032
Paraguay,Other Renewables,0.08968609865470853,-0.1,0.5904900000000001
Peru,Solar PV,0.3548387096774194,-0.15,0.44370531249999995
Peru,Wind (Onshore),0.2764976958525346,-0.08,0.6590815232000001
Peru,Wind (Offshore),0.1382488479262673,-0.12,0.5277319168
Peru,Hydro,0.1382488479262673,0.02,1.1040808032
Peru,Other Renewables,0.09216589861751152,-0.1,0.5904900000000001
Philippines,Solar PV,0.34146341463414637,-0.15,0.44370531249999995
Philippines,Wind (Onshore),0.26829268292682934,-0.08,0.6590815232000001
Philippines,Wind (Offshore),0.14634146341463417,-0.12,0.5277319168
Philippines,Hydro,0.14634146341463417,0.02,1.1040808032
Philippines,Other Renewables,0.09756097560975611,-0.1,0.5904900000000001
Poland,Solar PV,0.3875838926174497,-0.15,0.44370531249999995
Poland,Wind (Onshore),0.27684563758389263,-0.08,0.6590815232000001
Poland,Wind (Offshore),0.12583892617449666,-0.12,0.5277319168
Poland,Hydro,0.12583892617449666,0.02,1.1040808032
Poland,Other Renewables,0.08389261744966443,-0.1,0.5904900000000001
Portugal,Solar PV,0.3875838926174497,-0.15,0.44370531249999995
Portugal,Wind (Onshore),0.27684563758389263,-0.08,0.6590815232000001
Portugal,Wind (Offshore),0.12583892617449666,-0.12,0.5277319168
Portugal,Hydro,0.12583892617449666,0.02,1.1040808032
Portugal,Other Renewables,0.08389261744966443,-0.1,0.5904900000000001
Post-demographic dividend,Solar PV,0.41546762589928055,-0.15,0.44370531249999995
Post-demographic dividend,Wind (Onshore),0.22482014388489208,-0.08,0.6590815232000001
Post-demographic dividend,Wind (Offshore),0.13489208633093525,-0.12,0.5277319168
Post-demographic dividend,Hydro,0.13489208633093525,0.02,1.1040808032
Post-demographic dividend,Other Renewables,0.08992805755395683,-0.1,0.5904900000000001
Pre-demographic dividend,Solar PV,0.34146341463414637,-0.15,0.44370531249999995
Pre-demographic dividend,Wind (Onshore),0.26829268292682934,-0.08,0.6590815232000001
Pre-demographic dividend,Wind (Offshore),0.14634146341463417,-0.12,0.5277319168
Pre-demographic dividend,Hydro,0.14634146341463417,0.02,1.1040808032
Pre-demographic dividend,Other Renewables,0.09756097560975611,-0.1,0.5904900000000001
Puerto Rico (US),Solar PV,0.41546762589928055,-0.15,0.44370531249999995
Puerto Rico (US),Wind (Onshore),0.22482014388489208,-0.08,0.6590815232000001
Puerto Rico (US),Wind (Offshore),0.13489208633093525,-0.12,0.5277319168
Puerto Rico (US),Hydro,0.13489208633093525,0.02,1.1040808032
Puerto Rico (US),Other Renewables,0.08992805755395683,-0.1,0.5904900000000001
Qatar,Solar PV,0.41546762589928055,-0.15,0.44370531249999995
Qatar,Wind (Onshore),0.22482014388489208,-0.08,0.6590815232000001
Qatar,Wind (Offshore),0.13489208633093525,-0.12,0.5277319168
Qatar,Hydro,0.13489208633093525,0.02,1.1040808032
Qatar,Other Renewables,0.08992805755395683,-0.1,0.5904900000000001
Romania,Solar PV,0.3652173913043478,-0.15,0.44370531249999995
Romania,Wind (Onshore),0.28695652173913044,-0.08,0.6590815232000001
Romania,Wind (Offshore),0.13043478260869565,-0.12,0.5277319168
Romania,Hydro,0.13043478260869565,0.02,1.1040808032
Romania,Other Renewables,0.08695652173913045,-0.1,0.5904900000000001
Russian Federation,Solar PV,0.3975903614457832,-0.15,0.44370531249999995
Russian Federation,Wind (Onshore),0.25817555938037867,-0.08,0.6590815232000001
Russian Federation,Wind (Offshore),0.12908777969018934,-0.12,0.5277319168
Russian Federation,Hydro,0.12908777969018934,0.02,1.1040808032
Russian Federation,Other Renewables,0.08605851979345956,-0.1,0.5904900000000001
Rwanda,Solar PV,0.34146341463414637,-0.15,0.44370531249999995
Rwanda,Wind (Onshore),0.26829268292682934,-0.08,0.6590815232000001
Rwanda,Wind (Offshore),0.14634146341463417,-0.12,0.5277319168
Rwanda,Hydro,0.14634146341463417,0.02,1.1040808032
Rwanda,Other Renewables,0.09756097560975611,-0.1,0.5904900000000001
Samoa,Solar PV,0.34146341463414637,-0.15,0.44370531249999995
Samoa,Wind (Onshore),0.26829268292682934,-0.08,0.6590815232000001
Samoa,Wind (Offshore),0.14634146341463417,-0.12,0.5277319168
Samoa,Hydro,0.14634146341463417,0.02,1.1040808032
Samoa,Other Renewables,0.09756097560975611,-0.1,0.5904900000000001
San Marino,Solar PV,0.41546762589928055,-0.15,0.44370531249999995
San Marino,Wind (Onshore),0.22482014388489208,-0.08,0.6590815232000001
San Marino,Wind (Offshore),0.13489208633093525,-0.12,0.5277319168
San Marino,Hydro,0.13489208633093525,0.02,1.1040808032
San Marino,Other Renewables,0.08992805755395683,-0.1,0.5904900000000001
Sao Tome and Principe,Solar PV,0.37198067632850246,-0.15,0.44370531249999995
Sao Tome and Principe,Wind (Onshore),0.24154589371980678,-0.08,0.6590815232000001
Sao Tome and Principe,Wind (Offshore),0.14492753623188406,-0.12,0.5277319168
Sao Tome and Principe,Hydro,0.14492753623188406,0.02,1.1040808032
Sao Tome and Principe,Other Renewables,0.09661835748792272,-0.1,0.5904900000000001
Saudi Arabia,Solar PV,0.41546762589928055,-0.15,0.44370531249999995
Saudi Arabia,Wind (Onshore),0.22482014388489208,-0.08,0.6590815232000001
Saudi Arabia,Wind (Offshore),0.13489208633093525,-0.12,0.5277319168
Saudi Arabia,Hydro,0.13489208633093525,0.02,1.1040808032
Saudi Arabia,Other Renewables,0.08992805755395683,-0.1,0.5904900000000001
Senegal,Solar PV,0.34146341463414637,-0.15,0.44370531249999995
Senegal,Wind (Onshore),0.26829268292682934,-0.08,0.6590815232000001
Senegal,Wind (Offshore),0.14634146341463417,-0.12,0.5277319168
Senegal,Hydro,0.14634146341463417,0.02,1.1040808032
Senegal,Other Renewables,0.09756097560975611,-0.1,0.5904900000000001
Serbia,Solar PV,0.324074074074074,-0.15,0.44370531249999995
Serbia,Wind (Onshore),0.3055555555555555,-0.08,0.6590815232000001
Serbia,Wind (Offshore),0.13888888888888887,-0.12,0.5277319168
Serbia,Hydro,0.13888888888888887,0.02,1.1040808032
Serbia,Other Renewables,0.09259259259259259,-0.1,0.5904900000000001
Seychelles,Solar PV,0.3652173913043478,-0.15,0.44370531249999995
Seychelles,Wind (Onshore),0.28695652173913044,-0.08,0.6590815232000001
Seychelles,Wind (Offshore),0.13043478260869565,-0.12,0.5277319168
Seychelles,Hydro,0.13043478260869565,0.02,1.1040808032
Seychelles,Other Renewables,0.08695652173913045,-0.1,0.5904900000000001
Sierra Leone,Solar PV,0.34146341463414637,-0.15,0.44370531249999995
Sierra Leone,Wind (Onshore),0.26829268292682934,-0.08,0.6590815232000001
Sierra Leone,Wind (Offshore),0.14634146341463417,-0.12,0.5277319168
Sierra Leone,Hydro,0.14634146341463417,0.02,1.1040808032
Sierra Leone,Other Renewables,0.09756097560975611,-0.1,0.5904900000000001
Singapore,Solar PV,0.41546762589928055,-0.15,0.44370531249999995
Singapore,Wind (Onshore),0.22482014388489208,-0.08,0.6590815232000001
Singapore,Wind (Offshore),0.13489208633093525,-0.12,0.5277319168
Singapore,Hydro,0.13489208633093525,0.02,1.1040808032
Singapore,Other Renewables,0.08992805755395683,-0.1,0.5904900000000001
Slovak Republic,Solar PV,0.3652173913043478,-0.15,0.44370531249999995
Slovak Republic,Wind (Onshore),0.28695652173913044,-0.08,0.6590815232000001
Slovak Republic,Wind (Offshore),0.13043478260869565,-0.12,0.5277319168
Slovak Republic,Hydro,0.13043478260869565,0.02,1.1040808032
Slovak Republic,Other Renewables,0.08695652173913045,-0.1,0.5904900000000001
Slovenia,Solar PV,0.3652173913043478,-0.15,0.44370531249999995
Slovenia,Wind (Onshore),0.28695652173913044,-0.08,0.6590815232000001
Slovenia,Wind (Offshore),0.13043478260869565,-0.12,0.5277319168
Slovenia,Hydro,0.13043478260869565,0.02,1.1040808032
Slovenia,Other Renewables,0.08695652173913045,-0.1,0.5904900000000001
Solomon Islands,Solar PV,0.34146341463414637,-0.15,0.44370531249999995
Solomon Islands,Wind (Onshore),0.26829268292682934,-0.08,0.6590815232000001
Solomon Islands,Wind (Offshore),0.14634146341463417,-0.12,0.5277319168
Solomon Islands,Hydro,0.14634146341463417,0.02,1.1040808032
Solomon Islands,Other Renewables,0.09756097560975611,-0.1,0.5904900000000001
Somalia,Solar PV,0.34146341463414637,-0.15,0.44370531249999995
Somalia,Wind (Onshore),0.26829268292682934,-0.08,0.6590815232000001
Somalia,Wind (Offshore),0.14634146341463417,-0.12,0.5277319168
Somalia,Hydro,0.14634146341463417,0.02,1.1040808032
Somalia,Other Renewables,0.09756097560975611,-0.1,0.5904900000000001
South Sudan,Solar PV,0.34146341463414637,-0.15,0.44370531249999995
South Sudan,Wind (Onshore),0.26829268292682934,-0.08,0.6590815232000001
South Sudan,Wind (Offshore),0.14634146341463417,-0.12,0.5277319168
South Sudan,Hydro,0.14634146341463417,0.02,1.1040808032
South Sudan,Other Renewables,0.09756097560975611,-0.1,0.5904900000000001
Spain,Solar PV,0.41546762589928055,-0.15,0.44370531249999995
Spain,Wind (Onshore),0.22482014388489208,-0.08,0.6590815232000001
Spain,Wind (Offshore),0.13489208633093525,-0.12,0.5277319168
Spain,Hydro,0.13489208633093525,0.02,1.1040808032
Spain,Other Renewables,0.08992805755395683,-0.1,0.5904900000000001
Sri Lanka,Solar PV,0.34146341463414637,-0.15,0.44370531249999995
Sri Lanka,Wind (Onshore),0.26829268292682934,-0.08,0.6590815232000001
Sri Lanka,Wind (Offshore),0.14634146341463417,-0.12,0.5277319168
Sri Lanka,Hydro,0.14634146341463417,0.02,1.1040808032
Sri Lanka,Other Renewables,0.09756097560975611,-0.1,0.5904900000000001
St. Kitts and Nevis,Solar PV,0.3652173913043478,-0.15,0.44370531249999995
St. Kitts and Nevis,Wind (Onshore),0.28695652173913044,-0.08,0.6590815232000001
St. Kitts and Nevis,Wind (Offshore),0.13043478260869565,-0.12,0.5277319168
St. Kitts and Nevis,Hydro,0.13043478260869565,0.02,1.1040808032
St. Kitts and Nevis,Other Renewables,0.08695652173913045,-0.1,0.5904900000000001
St. Lucia,Solar PV,0.324074074074074,-0.15,0.44370531249999995
St. Lucia,Wind (Onshore),0.3055555555555555,-0.08,0.6590815232000001
St. Lucia,Wind (Offshore),0.13888888888888887,-0.12,0.5277319168
St. Lucia,Hydro,0.13888888888888887,0.02,1.1040808032
St. Lucia,Other Renewables,0.09259259259259259,-0.1,0.5904900000000001
St. Vincent and the Grenadines,Solar PV,0.324074074074074,-0.15,0.44370531249999995
St. Vincent and the Grenadines,Wind (Onshore),0.3055555555555555,-0.08,0.6590815232000001
St. Vincent and the Grenadines,Wind (Offshore),0.13888888888888887,-0.12,0.5277319168
St. Vincent and the Grenadines,Hydro,0.13888888888888887,0.02,1.1040808032
St. Vincent and the Grenadines,Other Renewables,0.09259259259259259,-0.1,0.5904900000000001
Sudan,Solar PV,0.34146341463414637,-0.15,0.44370531249999995
Sudan,Wind (Onshore),0.26829268292682934,-0.08,0.6590815232000001
Sudan,Wind (Offshore),0.14634146341463417,-0.12,0.5277319168
Sudan,Hydro,0.14634146341463417,0.02,1.1040808032
Sudan,Other Renewables,0.09756097560975611,-0.1,0.5904900000000001
Suriname,Solar PV,0.3452914798206278,-0.15,0.44370531249999995
Suriname,Wind (Onshore),0.29596412556053814,-0.08,0.6590815232000001
Suriname,Wind (Offshore),0.13452914798206278,-0.12,0.5277319168
Suriname,Hydro,0.13452914798206278,0.02,1.1040808032
Suriname,Other Renewables,0.08968609865470853,-0.1,0.5904900000000001
Sweden,Solar PV,0.41546762589928055,-0.15,0.44370531249999995
Sweden,Wind (Onshore),0.22482014388489208,-0.08,0.6590815232000001
Sweden,Wind (Offshore),0.13489208633093525,-0.12,0.5277319168
Sweden,Hydro,0.13489208633093525,0.02,1.1040808032
Sweden,Other Renewables,0.08992805755395683,-0.1,0.5904900000000001
Switzerland,Solar PV,0.41546762589928055,-0.15,0.44370531249999995
Switzerland,Wind (Onshore),0.22482014388489208,-0.08,0.6590815232000001
Switzerland,Wind (Offshore),0.13489208633093525,-0.12,0.5277319168
Switzerland,Hydro,0.13489208633093525,0.02,1.1040808032
Switzerland,Other Renewables,0.08992805755395683,-0.1,0.5904900000000001
Syrian Arab Republic,Solar PV,0.34146341463414637,-0.15,0.44370531249999995
Syrian Arab Republic,Wind (Onshore),0.26829268292682934,-0.08,0.6590815232000001
Syrian Arab Republic,Wind (Offshore),0.14634146341463417,-0.12,0.5277319168
Syrian Arab Republic,Hydro,0.14634146341463417,0.02,1.1040808032
Syrian Arab Republic,Other Renewables,0.09756097560975611,-0.1,0.5904900000000001
Tajikistan,Solar PV,0.34146341463414637,-0.15,0.44370531249999995
Tajikistan,Wind (Onshore),0.26829268292682934,-0.08,0.6590815232000001
Tajikistan,Wind (Offshore),0.14634146341463417,-0.12,0.5277319168
Tajikistan,Hydro,0.14634146341463417,0.02,1.1040808032
Tajikistan,Other Renewables,0.09756097560975611,-0.1,0.5904900000000001
Tanzania,Solar PV,0.34146341463414637,-0.15,0.44370531249999995
Tanzania,Wind (Onshore),0.26829268292682934,-0.08,0.6590815232000001
Tanzania,Wind (Offshore),0.14634146341463417,-0.12,0.5277319168
Tanzania,Hydro,0.14634146341463417,0.02,1.1040808032
Tanzania,Other Renewables,0.09756097560975611,-0.1,0.5904900000000001
Thailand,Solar PV,0.324074074074074,-0.15,0.44370531249999995
Thailand,Wind (Onshore),0.3055555555555555,-0.08,0.6590815232000001
Thailand,Wind (Offshore),0.13888888888888887,-0.12,0.5277319168
Thailand,Hydro,0.13888888888888887,0.02,1.1040808032
Thailand,Other Renewables,0.09259259259259259,-0.1,0.5904900000000001
Timor-Leste,Solar PV,0.34146341463414637,-0.15,0.44370531249999995
Timor-Leste,Wind (Onshore),0.26829268292682934,-0.08,0.6590815232000001
Timor-Leste,Wind (Offshore),0.14634146341463417,-0.12,0.5277319168
Timor-Leste,Hydro,0.14634146341463417,0.02,1.1040808032
Timor-Leste,Other Renewables,0.09756097560975611,-0.1,0.5904900000000001
Togo,Solar PV,0.34146341463414637,-0.15,0.44370531249999995
Togo,Wind (Onshore),0.26829268292682934,-0.08,0.6590815232000001
Togo,Wind (Offshore),0.14634146341463417,-0.12,0.5277319168
Togo,Hydro,0.14634146341463417,0.02,1.1040808032
Togo,Other Renewables,0.09756097560975611,-0.1,0.5904900000000001
Tonga,Solar PV,0.34146341463414637,-0.15,0.44370531249999995
Tonga,Wind (Onshore),0.26829268292682934,-0.08,0.6590815232000001
Tonga,Wind (Offshore),0.14634146341463417,-0.12,0.5277319168
Tonga,Hydro,0.14634146341463417,0.02,1.1040808032
Tonga,Other Renewables,0.09756097560975611,-0.1,0.5904900000000001
Tunisia,Solar PV,0.37198067632850246,-0.15,0.44370531249999995
Tunisia,Wind (Onshore),0.24154589371980678,-0.08,0.6590815232000001
Tunisia,Wind (Offshore),0.14492753623188406,-0.12,0.5277319168
Tunisia,Hydro,0.14492753623188406,0.02,1.1040808032
Tunisia,Other Renewables,0.09661835748792272,-0.1,0.5904900000000001
Turkiye,Solar PV,0.3548387096774194,-0.15,0.44370531249999995
Turkiye,Wind (Onshore),0.2764976958525346,-0.08,0.6590815232000001
Turkiye,Wind (Offshore),0.1382488479262673,-0.12,0.5277319168
Turkiye,Hydro,0.1382488479262673,0.02,1.1040808032
Turkiye,Other Renewables,0.09216589861751152,-0.1,0.5904900000000001
Turkmenistan,Solar PV,0.324074074074074,-0.15,0.44370531249999995
Turkmenistan,Wind (Onshore),0.3055555555555555,-0.08,0.6590815232000001
Turkmenistan,Wind (Offshore),0.13888888888888887,-0.12,0.5277319168
Turkmenistan,Hydro,0.13888888888888887,0.02,1.1040808032
Turkmenistan,Other Renewables,0.09259259259259259,-0.1,0.5904900000000001
Turks and Caicos Islands,Solar PV,0.41546762589928055,-0.15,0.44370531249999995
Turks and Caicos Islands,Wind (Onshore),0.22482014388489208,-0.08,0.6590815232000001
Turks and Caicos Islands,Wind (Offshore),0.13489208633093525,-0.12,0.5277319168
Turks and Caicos Islands,Hydro,0.13489208633093525,0.02,1.1040808032
Turks and Caicos Islands,Other Renewables,0.08992805755395683,-0.1,0.5904900000000001
Tuvalu,Solar PV,0.3452914798206278,-0.15,0.44370531249999995
Tuvalu,Wind (Onshore),0.29596412556053814,-0.08,0.6590815232000001
Tuvalu,Wind (Offshore),0.13452914798206278,-0.12,0.5277319168
Tuvalu,Hydro,0.13452914798206278,0.02,1.1040808032
Tuvalu,Other Renewables,0.08968609865470853,-0.1,0.5904900000000001
Uganda,Solar PV,0.34146341463414637,-0.15,0.44370531249999995
Uganda,Wind (Onshore),0.26829268292682934,-0.08,0.6590815232000001
Uganda,Wind (Offshore),0.14634146341463417,-0.12,0.5277319168
Uganda,Hydro,0.14634146341463417,0.02,1.1040808032
Uganda,Other Renewables,0.09756097560975611,-0.1,0.5904900000000001
Ukraine,Solar PV,0.3632075471698113,-0.15,0.44370531249999995
Ukraine,Wind (Onshore),0.25943396226415094,-0.08,0.6590815232000001
Ukraine,Wind (Offshore),0.14150943396226415,-0.12,0.5277319168
Ukraine,Hydro,0.14150943396226415,0.02,1.1040808032
Ukraine,Other Renewables,0.09433962264150944,-0.1,0.5904900000000001
United Arab Emirates,Solar PV,0.41546762589928055,-0.15,0.44370531249999995
United Arab Emirates,Wind (Onshore),0.22482014388489208,-0.08,0.6590815232000001
United Arab Emirates,Wind (Offshore),0.13489208633093525,-0.12,0.5277319168
United Arab Emirates,Hydro,0.13489208633093525,0.02,1.1040808032
United Arab Emirates,Other Renewables,0.08992805755395683,-0.1,0.5904900000000001
United Kingdom,Solar PV,0.41546762589928055,-0.15,0.44370531249999995
United Kingdom,Wind (Onshore),0.22482014388489208,-0.08,0.6590815232000001
United Kingdom,Wind (Offshore),0.13489208633093525,-0.12,0.5277319168
United Kingdom,Hydro,0.13489208633093525,0.02,1.1040808032
United Kingdom,Other Renewables,0.08992805755395683,-0.1,0.5904900000000001
United States,Solar PV,0.41546762589928055,-0.15,0.44370531249999995
United States,Wind (Onshore),0.22482014388489208,-0.08,0.6590815232000001
United States,Wind (Offshore),0.13489208633093525,-0.12,0.5277319168
United States,Hydro,0.13489208633093525,0.02,1.1040808032
United States,Other Renewables,0.08992805755395683,-0.1,0.5904900000000001
Uruguay,Solar PV,0.3975903614457832,-0.15,0.44370531249999995
Uruguay,Wind (Onshore),0.25817555938037867,-0.08,0.6590815232000001
Uruguay,Wind (Offshore),0.12908777969018934,-0.12,0.5277319168
Uruguay,Hydro,0.12908777969018934,0.02,1.1040808032
Uruguay,Other Renewables,0.08605851979345956,-0.1,0.5904900000000001
Uzbekistan,Solar PV,0.34146341463414637,-0.15,0.44370531249999995
Uzbekistan,Wind (Onshore),0.26829268292682934,-0.08,0.6590815232000001
Uzbekistan,Wind (Offshore),0.14634146341463417,-0.12,0.5277319168
Uzbekistan,Hydro,0.14634146341463417,0.02,1.1040808032
Uzbekistan,Other Renewables,0.09756097560975611,-0.1,0.5904900000000001
Vanuatu,Solar PV,0.34146341463414637,-0.15,0.44370531249999995
Vanuatu,Wind (Onshore),0.26829268292682934,-0.08,0.6590815232000001
Vanuatu,Wind (Offshore),0.14634146341463417,-0.12,0.5277319168
Vanuatu,Hydro,0.14634146341463417,0.02,1.1040808032
Vanuatu,Other Renewables,0.09756097560975611,-0.1,0.5904900000000001
"Venezuela, RB",Solar PV,0.3975903614457832,-0.15,0.44370531249999995
"Venezuela, RB",Wind (Onshore),0.25817555938037867,-0.08,0.6590815232000001
"Venezuela, RB",Wind (Offshore),0.12908777969018934,-0.12,0.5277319168
"Venezuela, RB",Hydro,0.12908777969018934,0.02,1.1040808032
"Venezuela, RB",Other Renewables,0.08605851979345956,-0.1,0.5904900000000001
Viet Nam,Solar PV,0.34146341463414637,-0.15,0.44370531249999995
Viet Nam,Wind (Onshore),0.26829268292682934,-0.08,0.6590815232000001
Viet Nam,Wind (Offshore),0.14634146341463417,-0.12,0.5277319168
Viet Nam,Hydro,0.14634146341463417,0.02,1.1040808032
Viet Nam,Other Renewables,0.09756097560975611,-0.1,0.5904900000000001
Virgin Islands (U.S.),Solar PV,0.41546762589928055,-0.15,0.44370531249999995
Virgin Islands (U.S.),Wind (Onshore),0.22482014388489208,-0.08,0.6590815232000001
Virgin Islands (U.S.),Wind (Offshore),0.13489208633093525,-0.12,0.5277319168
Virgin Islands (U.S.),Hydro,0.13489208633093525,0.02,1.1040808032
Virgin Islands (U.S.),Other Renewables,0.08992805755395683,-0.1,0.5904900000000001
West Bank and Gaza,Solar PV,0.37198067632850246,-0.15,0.44370531249999995
West Bank and Gaza,Wind (Onshore),0.24154589371980678,-0.08,0.6590815232000001
West Bank and Gaza,Wind (Offshore),0.14492753623188406,-0.12,0.5277319168
West Bank and Gaza,Hydro,0.14492753623188406,0.02,1.1040808032
West Bank and Gaza,Other Renewables,0.09661835748792272,-0.1,0.5904900000000001
"Yemen, Rep.",Solar PV,0.34146341463414637,-0.15,0.44370531249999995
"Yemen, Rep.",Wind (Onshore),0.26829268292682934,-0.08,0.6590815232000001
"Yemen, Rep.",Wind (Offshore),0.14634146341463417,-0.12,0.5277319168
"Yemen, Rep.",Hydro,0.14634146341463417,0.02,1.1040808032
"Yemen, Rep.",Other Renewables,0.09756097560975611,-0.1,0.5904900000000001
Zambia,Solar PV,0.34146341463414637,-0.15,0.44370531249999995
Zambia,Wind (Onshore),0.26829268292682934,-0.08,0.6590815232000001
Zambia,Wind (Offshore),0.14634146341463417,-0.12,0.5277319168
Zambia,Hydro,0.14634146341463417,0.02,1.1040808032
Zambia,Other Renewables,0.09756097560975611,-0.1,0.5904900000000001
Zimbabwe,Solar PV,0.34146341463414637,-0.15,0.44370531249999995
Zimbabwe,Wind (Onshore),0.26829268292682934,-0.08,0.6590815232000001
Zimbabwe,Wind (Offshore),0.14634146341463417,-0.12,0.5277319168
Zimbabwe,Hydro,0.14634146341463417,0.02,1.1040808032
Zimbabwe,Other Renewables,0.09756097560975611,-0.1,0.5904900000000001
