country,scenario,renewable_increase_pp,current_renewable_percent,new_renewable_percent,current_emissions_per_capita,baseline_prediction,scenario_prediction,emission_change,emission_change_percent,reduction_probability,success_score,expected_reduction,expected_reduction_percent,investment_efficiency,priority_score,priority_score_normalized
Cote d'Ivoire,Moderate,15,58.2,73.2,0.3260404457285444,0.3885343618601478,0.5728984223677515,0.18436406050760368,47.45115969278547,0.29000000000000004,0.7000000000000001,0.05346557754720507,13.760836310907788,0.0035643718364803383,2.826919809813015,1.0
Turkmenistan,Moderate,15,0.1,15.1,9.92089699403598,8.273179968741184,5.289294537960486,-2.983885430780698,-36.06697112905565,0.315,0.8,-0.93992391069592,-11.361095905652531,0.06266159404639467,2.7297286731485615,0.965619422126133
Algeria,Moderate,15,0.1,15.1,3.3350639369379804,3.7292015596644945,2.4665831201706365,-1.262618439493858,-33.85760783623216,0.35250000000000004,0.9500000000000001,-0.445072999921585,-11.934806762271839,0.029671533328105668,2.6969175590964647,0.9540127561223078
Ethiopia,Moderate,15,90.6,95.0,0.1298408308530717,0.2143217033892255,0.29098952787762816,0.07666782448840267,35.77231016551213,0.29,0.7,0.022233669101636773,10.373969947998518,0.001482244606775785,2.13976053925155,0.7569229703028199
"Yemen, Rep.",Moderate,15,3.7,18.7,0.2435714151912587,0.7324756324035449,0.5287158023429804,-0.20375983006056442,-27.81796704853472,0.315,0.8,-0.0641843464690778,-8.762659620288439,0.004278956431271853,1.9356430192846654,0.6847180498596094
Tunisia,Moderate,15,11.6,26.6,2.4737332926050226,2.3892369239442615,1.7177786591282613,-0.6714582648160001,-28.103460903639732,0.29000000000000004,0.7000000000000001,-0.19472289679664007,-8.150003662055525,0.012981526453109338,1.8490139067407192,0.6540737025232496
"Iran, Islamic Rep.",Moderate,15,0.9,15.9,7.029268920064403,6.182432440049773,4.456628682686898,-1.7258037573628746,-27.9146399754104,0.265,0.6,-0.4573379957011618,-7.397379593483756,0.030489199713410787,1.775775157349782,0.628166087762935
Mongolia,Moderate,15,3.0,18.0,6.208958840310937,5.241858303554239,4.017732935741122,-1.2241253678131176,-23.35288931757465,0.315,0.8,-0.38559949086113204,-7.356160135036014,0.02570663272407547,1.7550532008103576,0.6208358633725959
Viet Nam,Moderate,15,24.2,39.2,0.1161709862359953,1.0333169657544539,1.3835858866207909,0.350268920866337,33.897529264952674,0.21500000000000002,0.4,0.07530781798626246,7.2879687919648255,0.005020521199084164,1.6241902080286608,0.5745441389567014
Turks and Caicos Islands,Moderate,15,0.8,15.8,252.5792309202347,226.07445086524044,214.28621907060403,-11.788231794636403,-5.214314023331716,0.30250000000000005,0.7500000000000001,-3.5659401178775125,-1.5773299920578445,0.23772934119183417,1.5932939020131895,0.5636148207962705
Syrian Arab Republic,Moderate,15,1.1,16.1,1.2425333915823726,1.5516705782780622,1.1676701945456422,-0.38400038373241996,-24.74754558783716,0.2775,0.65,-0.10656010648574654,-6.867443900624813,0.007104007099049769,1.562377613490497,0.55267843398566
Iraq,Moderate,15,1.1,16.1,4.269063937957118,3.878297416961041,2.9286931997854913,-0.9496042171755499,-24.485079793587396,0.265,0.6,-0.25164511755152075,-6.488546145300661,0.016776341170101385,1.5295580325596088,0.5410687728919982
Uzbekistan,Moderate,15,1.0,16.0,3.208166930006922,3.3508888548669127,2.6493280305787583,-0.7015608242881544,-20.936559064595365,0.3025,0.75,-0.21222214934716668,-6.333309117040097,0.014148143289811113,1.4936580968701318,0.5283694612366556
Bolivia,Moderate,15,12.8,27.8,1.880409904518896,1.8899697429524764,1.5712003365817748,-0.3187694063707016,-16.866376171330966,0.35250000000000004,0.9500000000000001,-0.11236621574567233,-5.945397600394166,0.007491081049711489,1.3947876010124776,0.493394823641897
Mexico,Moderate,15,13.0,28.0,3.6710096995783097,3.35867393248919,2.615503082308738,-0.7431708501804519,-22.126912737541957,0.2525,0.55,-0.1876506396705641,-5.587045466229344,0.012510042644704273,1.326706293675979,0.46931161226102597
Benin,Moderate,15,54.5,69.5,0.5748754987553691,0.5188463224915457,0.4192435799058788,-0.09960274258566693,-19.196964162213924,0.315,0.8,-0.03137486391448508,-6.047043711097387,0.002091657594299005,1.2822395329126828,0.453581855580649
Cayman Islands,Moderate,15,0.0,15.0,161.75217555279295,143.5691139658614,133.24651260550516,-10.32260136035623,-7.189987508602158,0.24,0.5,-2.477424326485495,-1.725597002064518,0.16516162176569968,1.2693790227116921,0.4490325541974445
Gibraltar,Moderate,15,0.0,15.0,307.9050227339201,271.58450094753397,263.27313421292445,-8.311366734609521,-3.060324394658719,0.3275,0.85,-2.7219726055846185,-1.0022562392507306,0.1814648403723079,1.2188359975999932,0.43115336818861244
"Congo, Rep.",Moderate,15,71.4,86.4,0.5335450722970143,0.6609551719609916,0.5380209335619274,-0.12293423839906426,-18.59948202452671,0.30250000000000005,0.7500000000000001,-0.03718760711571694,-5.626343312419331,0.002479173807714463,1.1974207793801241,0.42357790809047635
Libya,Moderate,15,3.1,18.1,8.15913497111287,7.060688271366311,5.6809797844062935,-1.3797084869600171,-19.540708128345543,0.24,0.5,-0.3311300368704041,-4.68976995080293,0.022075335791360274,1.1897080683799794,0.4208495990053117
Northern Mariana Islands,Moderate,15,0.5,15.5,251.31299101523504,201.76120057346495,191.83364168484192,-9.927558888623025,-4.920449947961238,0.2525,0.55,-2.506708619377314,-1.2424136118602127,0.1671139079584876,1.1844180897769343,0.41897831189462603
Armenia,Moderate,15,9.1,24.1,1.8691903543041897,2.2073112122528564,1.7231463430513063,-0.4841648692015501,-21.93459927689105,0.22749999999999998,0.44999999999999996,-0.11014750774335264,-4.990121335492713,0.0073431671828901755,1.1780371528581268,0.41672110711058596
Kazakhstan,Moderate,15,2.0,17.0,11.003459064262248,9.465508701912894,8.018085549449346,-1.4474231524635481,-15.291551653964852,0.29,0.7,-0.41975271421442895,-4.434549979649807,0.02798351428096193,1.1764325130504825,0.416153478767513
Mauritius,Moderate,15,8.6,23.6,3.2712275340726467,3.2167927426351905,2.5616940085048014,-0.6550987341303891,-20.36496555863694,0.22749999999999998,0.44999999999999996,-0.1490349620146635,-4.633029664589903,0.009935664134310901,1.1188035543492418,0.3957677011090189
Suriname,Moderate,15,14.5,29.5,3.3378051363685963,4.58200959531973,3.8132974480158657,-0.7687121473038641,-16.776746781348102,0.265,0.6,-0.20370871903552398,-4.445837897057247,0.013580581269034933,1.1059963113759137,0.3912372425764243
Ecuador,Moderate,15,18.9,33.9,2.217809045911789,2.03034152676177,1.7305854439744304,-0.2997560827873398,-14.763825634075781,0.3025,0.75,-0.09067621504317028,-4.466057254307923,0.006045081002878019,1.0821233315751113,0.38279236921357446
San Marino,Moderate,15,20.9,35.9,343.06028736483483,285.7176249195554,274.60393278239485,-11.11369213716057,-3.8897467876858003,0.21500000000000002,0.4,-2.3894438094895225,-0.8362955593524469,0.15929625396596817,1.0589515055105398,0.3745955233093731
Malawi,Moderate,15,62.9,77.9,0.0763294648069632,0.12935769209132514,0.10830504285529945,-0.02105264923602569,-16.274756371784022,0.3025,0.75,-0.006368426393897772,-4.923113802464666,0.0004245617595931848,1.0471182007630213,0.3704095875405402
Jamaica,Moderate,15,10.5,25.5,2.9973823095975405,2.9945957964434506,2.575927576270571,-0.41866822017287975,-13.980792355018782,0.3025,0.75,-0.12664713660229612,-4.229189687393181,0.008443142440153074,1.046020706947356,0.3700213579869973
Angola,Moderate,15,52.9,67.9,0.7672226112121306,0.6807899562468469,0.558220075244606,-0.12256988100224087,-18.004067168963694,0.265,0.6000000000000001,-0.03248101846559383,-4.771077799775378,0.0021654012310395885,1.0173929457409618,0.35989451918986576
West Bank and Gaza,Moderate,15,15.4,30.4,2.295973599872472,2.3480138385657807,2.0607386414545488,-0.28727519711123195,-12.234817035265264,0.3275,0.85,-0.09408262705392846,-4.006902579049373,0.0062721751369285645,0.996359738953439,0.352454192543701
Lao PDR,Moderate,15,49.2,64.2,2.4857762401860457,1.9182305047548518,1.6619676954690943,-0.2562628092857575,-13.359333440404633,0.3025,0.75,-0.07751949980894164,-4.041198365722401,0.005167966653929443,0.9930291164179487,0.3512760117817534
Faroe Islands,Moderate,15,7.9,22.9,214.7347339922488,195.69926302234978,189.91592806878546,-5.783334953564321,-2.9552154996638063,0.34,0.9,-1.9663338842118692,-1.0047732698856944,0.1310889256141246,0.9850726043635244,0.3484614600471039
India,Moderate,15,34.9,49.9,10.594325864719522,7.447489897642794,6.463829956145316,-0.9836599414974776,-13.20793925224143,0.2775,0.65,-0.27296563376555005,-3.665203142496997,0.018197708917703337,0.974069860412605,0.34456932843702925
Morocco,Moderate,15,10.9,25.9,1.7862757019570596,2.2429388762534708,1.9756839622098077,-0.2672549140436631,-11.915389976657618,0.3025,0.75,-0.08084461149820808,-3.6044054679389292,0.005389640766547205,0.9067124051905576,0.3207421738823683
Azerbaijan,Moderate,15,1.3,16.3,3.1572441695501254,3.852291067042495,3.2878836103596107,-0.5644074566828841,-14.651215260226804,0.24,0.5,-0.13545778960389218,-3.5162916624544334,0.009030519306926145,0.8937017732334397,0.3161397681431059
Equatorial Guinea,Moderate,15,4.2,19.2,3.6982720142829817,3.0784651792333744,2.6463506054932906,-0.4321145737400838,-14.0366886932823,0.2525,0.55,-0.10910892986937115,-3.544263895053781,0.007273928657958077,0.8935402437031591,0.31608262837928247
Tonga,Moderate,15,2.3,17.3,1.8088002894080464,9.324300328257442,8.254228142346879,-1.070072185910563,-11.476166020389671,0.2775,0.65,-0.29694503159018126,-3.184636070658134,0.019796335439345416,0.8854699906965502,0.3132278417034826
St. Vincent and the Grenadines,Moderate,15,5.1,20.1,2.7438606118809163,5.901176227838833,5.168931753801864,-0.7322444740369685,-12.408449532189888,0.265,0.6,-0.19404478561979666,-3.2882391260303208,0.012936319041319777,0.8714485247002671,0.30826786160513997
Ghana,Moderate,15,39.0,54.0,0.4859852825194442,0.7719860644309761,0.6741940111494787,-0.09779205328149732,-12.66759308065735,0.2775,0.65,-0.027137294785615506,-3.5152570798824145,0.0018091529857077004,0.8670544350093091,0.30671348794526293
Timor-Leste,Moderate,15,11.4,26.4,0.4673938048411774,0.9203327175579322,1.0201322258441958,0.0997995082862636,10.843850966319854,0.30250000000000005,0.7500000000000001,0.030189351256594745,3.2802649173117566,0.0020126234171063163,0.8260123135227511,0.2921951696880242
Malaysia,Moderate,15,7.5,22.5,6.906372536628893,6.882960653166744,6.2011102668868645,-0.6818503862798799,-9.90635310353214,0.3025,0.75,-0.20625974184966367,-2.9966718138184727,0.013750649456644245,0.8244624152099225,0.291646905705633
Indonesia,Moderate,15,20.2,35.2,2.5375258182214977,3.018601168194089,2.5752084823709986,-0.44339268582309055,-14.688680654303033,0.21500000000000002,0.4,-0.09532942745196447,-3.1580663406751524,0.006355295163464298,0.8044831554033127,0.2845794042727108
"Bahamas, The",Moderate,15,1.1,16.1,5.684991120345728,14.011756700045064,12.3519897528887,-1.6597669471563634,-11.845530740274882,0.22749999999999998,0.44999999999999996,-0.37759698047807266,-2.6948582434125354,0.02517313203187151,0.8027853692323033,0.28397882615757786
Maldives,Moderate,15,1.2,16.2,3.6443009620191336,4.139871072613717,3.739327383379391,-0.40054368923432593,-9.67526964508684,0.3025,0.75,-0.1211644659933836,-2.926769067638769,0.008077631066225574,0.783818679539014,0.27726951320591553
Papua New Guinea,Moderate,15,54.6,69.6,0.7311453921815859,0.6566035188618935,0.5789502914528029,-0.07765322740909064,-11.826501865797008,0.29000000000000004,0.7000000000000001,-0.02251943594863629,-3.4296855410811324,0.0015012957299090858,0.7509931981467993,0.26565776487182113
Belarus,Moderate,15,8.2,23.2,6.427128703279374,6.362097013331285,5.726357284046092,-0.6357397292851932,-9.992612938046205,0.265,0.6,-0.1684710282605762,-2.6480424285822446,0.011231401884038412,0.7353960745714294,0.2601404086591589
Lebanon,Moderate,15,6.8,21.8,4.8237536881000205,7.532691327566185,6.612763046051198,-0.919928281514987,-12.21247813710981,0.21500000000000002,0.4,-0.19778458052572223,-2.6256827994786094,0.013185638701714816,0.7301090617937815,0.25827017068520036
Antigua and Barbuda,Moderate,15,0.9,15.9,5.7087462300732446,22.612258714164046,24.602411922467763,1.9901532083037168,8.801213684403447,0.24,0.5,0.477636769992892,2.112291284256827,0.03184245133285947,0.7201177781158049,0.2547358349593357
Barbados,Moderate,15,5.5,20.5,4.427631252700855,5.131107968283616,4.63300141973736,-0.49810654854625636,-9.707582682437216,0.265,0.6,-0.13199823536475794,-2.572509410845862,0.00879988235765053,0.7088613292501299,0.2507539572893004
Brunei Darussalam,Moderate,15,0.0,15.0,15.679557283088478,15.514134973069902,14.346202343750722,-1.1679326293191803,-7.528184016360097,0.29000000000000004,0.7000000000000001,-0.3387004625025623,-2.1831733647444285,0.022580030833504152,0.7007608178663551,0.24788846695750685
"Congo, Dem. Rep.",Moderate,15,96.3,95.0,0.0214850111577522,0.104433761898225,0.11597896264010388,0.011545200741878883,11.055046310722922,0.29000000000000004,0.7000000000000001,0.0033481082151448766,3.2059634301096476,0.00022320721434299177,0.7002417599293418,0.24770485441384305
Ukraine,Moderate,15,8.9,23.9,4.515848296146101,6.286867439422539,5.696731870628513,-0.5901355687940262,-9.386798345603916,0.265,0.6,-0.15638592573041696,-2.487501561585038,0.010425728382027797,0.6995012357125384,0.2474428999663795
Tanzania,Moderate,15,78.3,93.3,0.1789472127511293,0.24689397510634528,0.27153145076136964,0.02463747565502436,9.97896997867696,0.315,0.8,0.007760804831332673,3.143375543283242,0.0005173869887555116,0.6941068275037994,0.24553467172799312
North Macedonia,Moderate,15,19.5,34.5,4.023558288639262,4.005795797606578,3.6431131555661027,-0.3626826420404754,-9.053947339431895,0.2775,0.65,-0.10064443316623194,-2.512470386692351,0.006709628877748796,0.6895293330638895,0.2439154201227583
Cambodia,Moderate,15,52.4,67.4,0.6487721812069535,0.6960588120066659,0.7676373166411274,0.07157850463446158,10.283398959939625,0.30250000000000005,0.7500000000000001,0.021652497651924632,3.110728185381737,0.001443499843461642,0.6894300863406171,0.24388031239776095
Virgin Islands (U.S.),Moderate,15,5.9,20.9,109.85362336713688,90.84300951861768,87.24388591092507,-3.5991236076926043,-3.9619158664651986,0.2775,0.65,-0.9987568011346978,-1.0994316529440928,0.06658378674231319,0.6883301282776905,0.2434912111366964
"Venezuela, RB",Moderate,15,33.7,48.7,4.8970303317791215,4.575829659385627,4.145775891071983,-0.43005376831364384,-9.398378006304215,0.265,0.6,-0.11396424860311562,-2.4905701716706172,0.007597616573541041,0.6868228322297664,0.24295801736066786
Russian Federation,Moderate,15,3.5,18.5,11.145203704518591,10.761203576367652,9.432661578165586,-1.3285419982020663,-12.345663649739295,0.19,0.3,-0.2524229796583926,-2.345676093450466,0.01682819864389284,0.6862277523163895,0.24274751265823125
Netherlands,Moderate,15,12.2,27.2,8.540204153645261,8.869399496537499,8.160272099696009,-0.70912739684149,-7.99521317219192,0.29000000000000004,0.7000000000000001,-0.2056469450840321,-2.3186118199356573,0.013709796338935475,0.6861584067801283,0.24272298223610164
Czechia,Moderate,15,17.2,32.2,1.0850704611774344,3.413145017203924,3.7145889232029883,0.3014439059990641,8.831851693368991,0.2775,0.65,0.0836506839147403,2.450838844909895,0.005576712260982687,0.6718783166085976,0.23767151592921862
Guyana,Moderate,15,12.1,27.1,2.969681258268554,4.0568385768100095,3.7690930889012084,-0.28774548790880106,-7.092850318315162,0.3275,0.8500000000000001,-0.09423664729013236,-2.322908479248216,0.006282443152675491,0.659609178667218,0.2333314076959429
Oman,Moderate,15,0.1,15.1,15.510886794838132,15.024103102823936,13.813047535557804,-1.2110555672661327,-8.060751174148308,0.2525,0.55,-0.3057915307346985,-2.035339671472448,0.0203861020489799,0.6533826139246951,0.231128810819686
"Egypt, Arab Rep.",Moderate,15,6.1,21.1,2.1866793348324984,3.3861385559502684,3.126130181288856,-0.2600083746614126,-7.6786100262942485,0.3025,0.75,-0.0786525333350773,-2.32277953295401,0.005243502222338487,0.6497003670357929,0.2298262457889695
Germany,Moderate,15,17.6,32.6,8.467268037530975,7.384204588366617,6.692448120327495,-0.6917564680391219,-9.368056637121672,0.24,0.5,-0.16602155232938925,-2.248333592909201,0.01106810348862595,0.6496868049783823,0.22982144832093962
Canada,Moderate,15,23.8,38.8,14.752439224907254,12.784619489609325,11.858524990163119,-0.9260944994462061,-7.243817465188446,0.2775,0.65,-0.2569912235963222,-2.0101593465897936,0.017132748239754813,0.6380557860448064,0.22570706952137076
Puerto Rico (US),Moderate,15,2.5,17.5,3.5961202892920396,7.988023123180308,7.240884217636756,-0.7471389055435518,-9.353239143430145,0.22749999999999998,0.44999999999999996,-0.169974101011158,-2.127861905130358,0.011331606734077201,0.6243309326762345,0.22085201373912708
Botswana,Moderate,15,27.4,42.4,3.3649030366917883,3.0575308558529777,2.812180427306134,-0.24535042854684352,-8.024462879161906,0.2775,0.65,-0.06808474392174908,-2.2267884489674294,0.004538982928116606,0.6221909095556339,0.22009499788279752
Moldova,Moderate,15,21.4,36.4,3.397064208863688,5.4640892771860035,5.020944546409359,-0.44314473077664474,-8.110129763561687,0.265,0.6,-0.11743335365581085,-2.149184387343847,0.007828890243720724,0.6196326616142569,0.2191900383814715
Dominican Republic,Moderate,15,14.8,29.8,2.2367193453250698,2.4844938351193737,2.2874266917079207,-0.19706714341145304,-7.931882970520007,0.2775,0.65,-0.05468613229667822,-2.2010975243193025,0.0036457421531118817,0.6128544929834863,0.21679231609474736
"Korea, Rep.",Moderate,15,3.6,18.6,12.208992357240842,11.732238050247103,10.668642571325577,-1.0635954789215258,-9.06558044906977,0.21500000000000002,0.4,-0.22867302796812808,-1.949099796550001,0.015244868531208539,0.6044708414066804,0.21382666721156932
Qatar,Moderate,15,0.0,15.0,33.93251805475641,32.75007623306185,30.799040551158274,-1.9510356819035728,-5.95734699369635,0.24,0.5,-0.46824856365685746,-1.429763278487124,0.031216570910457164,0.5806705389765735,0.20540750288031043
Guam,Moderate,15,6.7,21.7,70.10533962949509,57.66524070909958,55.50234712289187,-2.1628935862077086,-3.7507752670603245,0.29,0.7,-0.6272391400002354,-1.0877248274474938,0.04181594266668236,0.5720798960229058,0.20236863247307524
Poland,Moderate,15,15.2,30.2,8.493349949237881,7.268046821917867,6.661743211816099,-0.6063036101017678,-8.34204326082999,0.22749999999999998,0.44999999999999996,-0.13793407129815216,-1.8978148418388228,0.009195604753210145,0.5682823107078523,0.20102526740772353
Palau,Moderate,15,0.9,15.9,16.329748296638325,28.647266654229934,26.57041732701984,-2.0768493272100947,-7.249729449854637,0.2025,0.35,-0.4205619887600442,-1.468070213595564,0.02803746591733628,0.5658901325305934,0.20017905374118974
Jordan,Moderate,15,11.5,26.5,2.194333945466626,2.8453766984113775,2.6571168076452305,-0.18825989076614702,-6.616343307768554,0.29,0.7,-0.05459536832218263,-1.9187395592528806,0.0036396912214788422,0.5588544605915268,0.19769024174353636
Vanuatu,Moderate,15,25.0,40.0,0.5749953680928681,0.762207271975553,0.8066694825433709,0.04446221056781785,5.833349038061123,0.3275,0.8500000000000001,0.014561373960960347,1.9104218099650179,0.0009707582640640231,0.5521469258341045,0.19531750561775785
Turkiye,Moderate,15,12.0,27.0,4.85961900196344,4.637146723867036,4.274366077535695,-0.3627806463313412,-7.823359232179074,0.24,0.5,-0.08706735511952189,-1.8776062157229778,0.005804490341301459,0.5508023477487124,0.19484187200384184
Kyrgyz Republic,Moderate,15,27.6,42.6,1.5770111910448703,1.7531287749554965,1.6614031874683814,-0.09172558748711501,-5.2321078061960105,0.35250000000000004,0.9500000000000001,-0.03233326958920805,-1.8443180016840939,0.0021555513059472032,0.5494946914747707,0.19437929918185995
Niger,Moderate,15,79.6,94.6,0.0904710193867542,0.10941277099871405,0.1182842693046658,0.008871498305951755,8.10828409240821,0.29000000000000004,0.7000000000000001,0.0025727345087260094,2.3514023867983815,0.0001715156339150673,0.5290866008390771,0.18716010231435368
Madagascar,Moderate,15,83.1,95.0,0.1107195552188483,0.12586700317471397,0.1359961475427128,0.010129144367998832,8.047497844958404,0.29,0.7,0.002937451866719661,2.3337743750379367,0.0001958301244479774,0.5256752765924929,0.18595337397535283
Isle of Man,Moderate,15,2.7,17.7,137.64085009271145,112.90250642418698,109.96432851517427,-2.9381779090127083,-2.602402729637954,0.2525,0.5499999999999999,-0.7418899220257088,-0.6571066892335833,0.049459328135047255,0.5143801800814387,0.18195782501360097
Seychelles,Moderate,15,1.9,16.9,5.171924790203374,11.472465011361091,10.77416589796827,-0.6982991133928209,-6.086739970017785,0.2525,0.55,-0.17632052613168728,-1.5369018424294907,0.011754701742112485,0.5131274666738268,0.18151468778584395
Afghanistan,Moderate,15,20.0,35.0,0.1833467795852824,0.23101043773203195,0.24412892904641975,0.013118491314387803,5.678743975025502,0.3025,0.75,0.00396834362260231,1.7178200524452143,0.00026455624150682067,0.5053074248241249,0.17874841128144636
Australia,Moderate,15,12.3,27.3,14.861769437764062,12.479260812697742,11.896300706784755,-0.5829601059129867,-4.67143138253686,0.3025,0.75,-0.17634543203867847,-1.4131079932174,0.011756362135911897,0.4983765006822659,0.17629665296916602
Uganda,Moderate,15,90.9,95.0,0.1295634689690947,0.1412306976649095,0.15371934607910964,0.012488648414200137,8.842729392891115,0.2525,0.55,0.003153383724585535,2.2327891717050066,0.00021022558163903566,0.49804589457470483,0.17617970373473302
Zimbabwe,Moderate,15,82.4,95.0,0.7635793913469465,0.6629808359108069,0.614353718705393,-0.048627117205413906,-7.334618826290762,0.29000000000000004,0.7000000000000001,-0.014101863989570034,-2.127039459624321,0.0009401242659713356,0.4878264759749295,0.17256466712693788
Thailand,Moderate,15,19.0,34.0,3.594602598114522,3.6684481395359128,3.355003884663833,-0.31344425487207994,-8.544328363102691,0.19,0.3,-0.05955440842569519,-1.6234223889895112,0.003970293895046346,0.4813448591046201,0.1702718476250157
United States,Moderate,15,10.9,25.9,21.67717473256632,22.323792116715726,21.25917256393759,-1.0646195527781366,-4.7689906231520816,0.2525,0.55,-0.2688164370764795,-1.2041701323459009,0.017921095805098635,0.47556317675314375,0.16822662429345656
Ireland,Moderate,15,12.7,27.7,7.118965568838153,7.764338810452989,7.415351339200445,-0.3489874712525438,-4.4947481011867785,0.3025,0.75,-0.1055687100538945,-1.3596613006090004,0.007037914003592966,0.4655104559386871,0.16467055567786978
Nicaragua,Moderate,15,50.4,65.4,0.7740703949423042,0.7662836005485582,0.8121149071062294,0.0458313065576712,5.980984915357972,0.3275,0.8500000000000001,0.01500975289763732,1.958772559779736,0.0010006501931758213,0.4619575678638736,0.1634137502805322
Bangladesh,Moderate,15,25.0,40.0,0.4885913765971709,1.992576576727422,1.881618323392947,-0.11095825333447484,-5.568581635979633,0.265,0.6000000000000001,-0.029403937133635837,-1.4756741335346029,0.0019602624755757224,0.4573480603421265,0.1617831743067298
United Arab Emirates,Moderate,15,1.0,16.0,19.880938686013874,18.485065263415578,17.583513239744658,-0.90155202367092,-4.877191456041069,0.24,0.5,-0.2163724856810208,-1.1705259494498566,0.01442483237873472,0.44990190207002445,0.15914915609147856
El Salvador,Moderate,15,21.9,36.9,1.0843398241395064,1.4190951622909198,1.3212037507167462,-0.09789141157417358,-6.898156950668645,0.21500000000000002,0.4,-0.021046653488447323,-1.483103744393759,0.0014031102325631549,0.44621536697179864,0.15784507414142507
Israel,Moderate,15,6.2,21.2,6.483913157206382,6.824184576680726,6.51019220785499,-0.313992368825736,-4.60117051784759,0.2775,0.65,-0.08713288234914175,-1.2768248187027067,0.005808858823276117,0.43816660020993903,0.15499788805078318
New Zealand,Moderate,15,28.9,43.9,6.2945809149713705,6.507946216384045,6.191818443375064,-0.3161277730089811,-4.8575658510071165,0.265,0.6,-0.08377385984737999,-1.2872549505168858,0.005584923989825333,0.4367001328555562,0.15447913709460384
Late-demographic dividend,Moderate,15,15.8291260683112,30.8291260683112,0.0503928057742191,2.692625563703686,2.868503622409915,0.1758780587062292,6.531842417194846,0.21500000000000002,0.4,0.03781378262183928,1.404346119696892,0.002520918841455952,0.43571754249422134,0.15413155370793544
Bahrain,Moderate,15,0.0,15.0,20.16799447495332,21.43083967332032,20.52053598053271,-0.9103036927876111,-4.247634281548316,0.24,0.5,-0.21847288626902667,-1.019432227571596,0.014564859084601778,0.4203412832119475,0.14869232645115277
Curacao,Moderate,15,2.8,17.8,77.2020587215659,52.27334238790776,50.847565549661205,-1.4257768382465557,-2.7275409857403274,0.265,0.6,-0.3778308621353373,-0.7227983612211868,0.02518872414235582,0.4159466757133097,0.1471377696210004
St. Lucia,Moderate,15,9.7,24.7,2.181439862177748,3.7797868063246067,3.593797431591164,-0.18598937473344268,-4.920631354716411,0.2525,0.5499999999999999,-0.046962317120194275,-1.2424594170658938,0.003130821141346285,0.4137067427775063,0.1463454114762706
Estonia,Moderate,15,38.0,53.0,11.862044423356366,9.51922937787038,9.13655551649119,-0.3826738613791889,-4.020008828328074,0.2775,0.65,-0.10619199653272493,-1.1155524498610407,0.007079466435514995,0.4118839822191287,0.14570062468322104
Solomon Islands,Moderate,15,50.1,65.1,0.4737115685486245,0.5784740643837191,0.5467829175775794,-0.031691146806139714,-5.4784040905795965,0.315,0.8,-0.00998271124393401,-1.7256972885325728,0.000665514082928934,0.41126737389628054,0.14548250448019734
Greenland,Moderate,15,11.7,26.7,204.373378514322,151.54035580449553,149.60081535287932,-1.9395404516162102,-1.2798837915613979,0.29,0.7,-0.5624667309687009,-0.37116629955280533,0.037497782064580064,0.4084728356140873,0.14449395918347804
Bosnia and Herzegovina,Moderate,15,36.6,51.6,7.033195810536813,5.832331349416426,5.575555868511234,-0.2567754809051923,-4.402621619412705,0.265,0.6,-0.06804550243987596,-1.1666947291443666,0.004536366829325064,0.4076598699267011,0.1442063791521789
Belgium,Moderate,15,11.7,26.7,8.002424613941017,8.669202809466304,8.346338219805014,-0.3228645896612896,-3.7242708096382153,0.29000000000000004,0.7000000000000001,-0.093630731001774,-1.0800385347950825,0.006242048733451601,0.403345336006239,0.14268014770214443
Grenada,Moderate,15,10.0,25.0,2.5660106232839803,4.749734309396256,4.531113430420503,-0.2186208789757531,-4.602802277661342,0.2525,0.5499999999999999,-0.05520177194137766,-1.162207575109489,0.003680118129425177,0.4002380702301962,0.14158097758587276
Early-demographic dividend,Moderate,15,24.9895503831566,39.9895503831566,0.0503928057742191,1.192294469635766,1.2380215631027824,0.04572709346701642,3.8352181136079238,0.3025,0.75,0.013832445773772467,1.1601534793663968,0.0009221630515848311,0.39686486221572803,0.1403877325554482
United Kingdom,Moderate,15,12.2,27.2,5.307378261641323,5.490328102617701,5.284138548127987,-0.20618955448971388,-3.7555051471588006,0.29000000000000004,0.7000000000000001,-0.05979497080201703,-1.0890964926760525,0.0039863313868011355,0.39455505605317587,0.13957065732235024
Luxembourg,Moderate,15,20.5,35.5,14.270337144370796,17.52489545597574,16.957644177412977,-0.5672512785627646,-3.2368311696224126,0.2775,0.65,-0.15741222980116718,-0.8982206495702194,0.010494148653411145,0.3844666285850763,0.13600195776706756
Philippines,Moderate,15,28.0,43.0,1.2481097376268706,1.2206935778735117,1.163031994005422,-0.05766158386808984,-4.72367389435588,0.24,0.5,-0.013838780128341562,-1.1336817346454113,0.0009225853418894374,0.37907249803596266,0.13409382774852613
Eswatini,Moderate,15,64.7,79.7,0.8942364410374127,0.9449514716638159,0.8935063198281114,-0.05144515183570453,-5.444210986319,0.29000000000000004,0.7000000000000001,-0.014919094032354314,-1.5788211860325099,0.000994606268823621,0.37843888666997305,0.13386969285662356
Argentina,Moderate,15,9.2,24.2,3.9070290493919297,4.911431915132995,4.673603339404155,-0.2378285757288392,-4.84234699448947,0.21500000000000002,0.4,-0.05113314378170043,-1.041104603815236,0.0034088762521133622,0.36724263914798005,0.1299091109246113
British Virgin Islands,Moderate,15,1.3,16.3,302.19995302591406,244.08946009024825,242.4013158469458,-1.688144243302446,-0.6916088235347324,0.3025,0.75,-0.5106636335989899,-0.2092116691192565,0.03404424223993266,0.36235027235153483,0.12817847577201077
Lesotho,Moderate,15,34.9,49.9,1.124180376272358,0.8319699885550098,0.8062139840511208,-0.02575600450388904,-3.095785287714865,0.315,0.8,-0.008113141418725048,-0.9751723656301826,0.0005408760945816699,0.36057659077057036,0.1275510502699475
Greece,Moderate,15,21.5,36.5,6.255699738676744,6.369698209542904,6.132427791434001,-0.2372704181089036,-3.7249868094760226,0.2525,0.55,-0.05991078057249816,-0.9405591693926957,0.003994052038166543,0.35738387845792186,0.1264216541330052
Burkina Faso,Moderate,15,71.4,86.4,0.1897015767621877,0.17245756389567174,0.16542132944426757,-0.007036234451404166,-4.079980194815194,0.34,0.9000000000000001,-0.002392319713477417,-1.3871932662371662,0.00015948798089849447,0.34618824675765625,0.12246129004294419
Myanmar,Moderate,15,62.9,77.9,0.6049468693134507,0.8044737077665028,0.7532189988522698,-0.051254708914233005,-6.37120994998504,0.22749999999999998,0.44999999999999996,-0.011660446277988007,-1.4494502636215965,0.0007773630851992004,0.33904365922475554,0.11993395003559772
Aruba,Moderate,15,8.8,23.8,107.91165781381044,74.34870663143997,72.9067862641236,-1.4419203673163707,-1.939402085989514,0.22749999999999998,0.44999999999999996,-0.3280368835644743,-0.4412139745626143,0.021869125570964952,0.3365276850960581,0.11904394455331846
Mozambique,Moderate,15,76.9,91.9,0.2033301684461833,0.1849154542143016,0.17699941398350472,-0.007916040230796895,-4.280897053430085,0.315,0.8,-0.0024935526727010216,-1.3484825718304765,0.00016623684484673478,0.333477827536875,0.11796508212906566
"Macao SAR, China",Moderate,15,11.0,26.0,17.097298095378708,20.543457951954238,21.086937591759746,0.5434796398055077,2.6455119730892633,0.2525,0.55,0.1372286090508907,0.667991773205039,0.009148573936726048,0.3270966521436202,0.11570779298662025
Cyprus,Moderate,15,15.6,30.6,5.430496405957773,5.196485401827722,5.049697643912245,-0.14678775791547682,-2.8247507029241,0.2775,0.65,-0.04073360282154482,-0.7838683200614377,0.0027155735214363214,0.3250368595630383,0.11497915803438997
"Micronesia, Fed. Sts.",Moderate,15,2.0,17.0,1.6055086786663575,4.093920465960912,3.9718950765411143,-0.12202538941979801,-2.980648755499372,0.265,0.6000000000000001,-0.03233672819624647,-0.7898719202073335,0.0021557818797497646,0.32110655887629064,0.11358884598057631
Denmark,Moderate,15,39.5,54.5,5.65471637734949,5.9162764394449505,5.73529985482126,-0.18097658462369015,-3.0589609271312024,0.2525,0.55,-0.045696587617481764,-0.7723876341006286,0.003046439174498784,0.31929579094027,0.11294830148061032
Montenegro,Moderate,15,39.6,54.6,4.041110279013007,4.722480241183052,4.571844393327141,-0.1506358478559111,-3.189761315299322,0.24,0.5,-0.03615260348541866,-0.7655427156718371,0.0024101735656945774,0.3124363588931319,0.11052183291813922
Cabo Verde,Moderate,15,21.8,36.8,1.19290184919027,1.359694638478191,1.3935843920126771,0.0338897535344862,2.492453274098115,0.29000000000000004,0.7000000000000001,0.009828028525000998,0.7228114494884534,0.0006552019016667333,0.30564173883552437,0.10811829107233886
Comoros,Moderate,15,39.3,54.3,0.3116803406426369,0.4048990075290851,0.41487026132877225,0.009971253799687163,2.462652072312353,0.29000000000000004,0.7000000000000001,0.0028916636019092777,0.7141691009705824,0.00019277757346061852,0.30173987478938136,0.10673803824995651
Costa Rica,Moderate,15,34.2,49.2,1.6254195146764954,2.571156888396647,2.6555843412758087,0.08442745287916154,3.283636765230994,0.22749999999999998,0.44999999999999996,0.019207245530009246,0.7470273640900509,0.0012804830353339498,0.30092374308407976,0.10644933826544736
Saudi Arabia,Moderate,15,0.1,15.1,15.993672647003171,17.29638730176554,16.86694628357712,-0.4294410181884203,-2.4828365062372577,0.24,0.5,-0.10306584436522087,-0.5958807614969419,0.006871056291014725,0.2994701168671576,0.10593512975770114
Rwanda,Moderate,15,79.9,94.9,0.0791149092779079,1.2101480650133574,1.2514735536013386,0.04132548858798124,3.4149117602006083,0.3275,0.8500000000000001,0.013534097512563856,1.1183836014656992,0.0009022731675042571,0.29341740418040985,0.10379403163891578
Kuwait,Moderate,15,0.1,15.1,19.491712100483632,21.30193536724477,20.858333631559685,-0.44360173568508543,-2.0824480406939743,0.2525,0.55,-0.11200943826048407,-0.5258181302752285,0.0074672958840322715,0.2907599167099974,0.10285396695749553
Serbia,Moderate,15,27.2,42.2,6.83327308829282,8.62815550923547,8.405124300711288,-0.22303120852418168,-2.58492337424206,0.24,0.5,-0.0535274900458036,-0.6203816098180943,0.0035684993363869068,0.2888482688446373,0.10217773699910611
Japan,Moderate,15,8.8,23.8,8.840360417534182,13.211841774208834,12.741057492766192,-0.4707842814426417,-3.563350889969569,0.1775,0.25,-0.0835642099560689,-0.6324947829695985,0.005570947330404594,0.2881824090468213,0.1019421944854824
Namibia,Moderate,15,30.0,45.0,1.470760248084378,1.2921653387707692,1.3126870800037105,0.02052174123294126,1.5881668248788887,0.35250000000000004,0.9500000000000001,0.007233913784611795,0.5598288057698082,0.00048226091897411965,0.28473238747314,0.10072177728025948
Belize,Moderate,15,30.8,45.8,1.6884635726399375,1.7762728804428014,1.7456209235197915,-0.030651956923009926,-1.725633333734668,0.3275,0.85,-0.010038515892285752,-0.5651449167981039,0.0006692343928190501,0.2816743850058703,0.09964003366070064
Georgia,Moderate,15,25.2,40.2,2.5481467754091445,3.2447118278559284,3.1626528749509095,-0.08205895290501886,-2.5290058796759944,0.24,0.5,-0.019694148697204525,-0.6069614111222387,0.0013129432464803017,0.27556311548290513,0.09747822153509621
"Hong Kong SAR, China",Moderate,15,0.4,15.4,1.5763466329072569,9.798965832752208,9.551762987362125,-0.24720284539008297,-2.5227442324967453,0.21500000000000002,0.4,-0.05314861175886784,-0.5423900099868002,0.003543240783924523,0.2681312336818053,0.09484925350590001
French Polynesia,Moderate,15,7.0,22.0,41.301385986061675,34.882646684514214,34.36556279502311,-0.5170838894911043,-1.4823527989940577,0.2525,0.5499999999999999,-0.13056368209650385,-0.3742940817459996,0.008704245473100256,0.26626877007277117,0.09419042208006012
Channel Islands,Moderate,15,20.9,35.9,69.2521603923093,58.35870146508485,57.67647753567198,-0.6822239294128707,-1.1690183507956138,0.2525,0.5499999999999999,-0.17226154217674985,-0.29517713357589254,0.011484102811783324,0.26351070993056014,0.09321478063008441
Colombia,Moderate,15,29.7,44.7,1.5363965757897144,1.6076013848822097,1.579132010630538,-0.02846937425167173,-1.770922476143407,0.29,0.7,-0.008256118532984802,-0.5135675180815881,0.0005504079021989868,0.26330042075665283,0.09314039253701671
Sweden,Moderate,15,57.9,72.9,3.4328409018416335,6.333415229151409,6.575086876178817,0.24167164702740784,3.815818768917012,0.2525,0.55,0.06102209087442048,0.9634942391515454,0.004068139391628032,0.2623191029709609,0.092793259313681
Cuba,Moderate,15,20.9,35.9,2.257722096742985,2.9082594425820854,2.847837752416071,-0.0604216901660144,-2.077589409023607,0.2525,0.55,-0.015256476766918636,-0.5245913257784608,0.001017098451127909,0.26019862787599335,0.09204315841318612
Croatia,Moderate,15,34.1,49.1,4.300192886215288,4.711722392249305,4.624847683468008,-0.08687470878129666,-1.843799391156914,0.265,0.6,-0.023021797827043618,-0.4886068386565822,0.0015347865218029077,0.2579348643837901,0.09124237040202815
Lithuania,Moderate,15,33.2,48.2,4.093035870744823,4.46080586785569,4.373069519432236,-0.08773634842345412,-1.9668273182582814,0.2525,0.55,-0.022153427976922168,-0.49662389786021605,0.001476895198461478,0.25676618700481213,0.09082896023916426
Italy,Moderate,15,17.5,32.5,5.504657082231477,5.737691623912789,5.575307583330737,-0.1623840405820518,-2.8301284074816637,0.19,0.3,-0.030852967710589842,-0.537724397421516,0.0020568645140393227,0.255212142700288,0.09027922964577084
Post-demographic dividend,Moderate,15,14.4278548426441,29.427854842644102,0.0503928057742191,8.002748063648285,7.788587069749016,-0.21416099389926924,-2.676093164447785,0.19,0.3,-0.04069058884086116,-0.5084577012450792,0.0027127059227240774,0.25244125808581896,0.08929905164254254
Panama,Moderate,15,28.0,43.0,2.304140658925148,3.2833972925541373,3.226071334076144,-0.057325958477993044,-1.7459342677778564,0.265,0.6,-0.015191378996668158,-0.46267258096113206,0.0010127585997778772,0.25029448161118245,0.08853964684188832
Portugal,Moderate,15,32.3,47.3,4.770789351920181,4.959088165160124,4.8687838072926155,-0.09030435786750868,-1.8209871423931994,0.2525,0.55,-0.02280185036154594,-0.4597992534542828,0.001520123357436396,0.24960443047080763,0.08829554683665312
Bermuda,Moderate,15,0.9,15.9,178.84446091831535,169.07498185900545,168.0439323064408,-1.0310495525646388,-0.6098179288432211,0.22749999999999998,0.44999999999999996,-0.2345637732084553,-0.1387335788118328,0.015637584880563687,0.2467433647010159,0.08728346797970778
Romania,Moderate,15,23.6,38.6,3.931017777670916,4.021847622609115,3.931267778170532,-0.09057984443858258,-2.252194835263804,0.21500000000000002,0.4,-0.019474666554295257,-0.48422188958171797,0.0012983111036196837,0.24594644010335612,0.08700156235405351
Mauritania,Moderate,15,19.6,34.6,0.8204056208450301,0.879492658499155,0.8667497681320491,-0.012742890367105963,-1.4488910446224272,0.29000000000000004,0.7000000000000001,-0.0036954382064607297,-0.4201784029405039,0.00024636254709738196,0.2431935845594585,0.08602776198860214
Samoa,Moderate,15,35.9,50.9,1.4865674692582491,1.9225057405796104,1.8972158564178827,-0.025289884161727727,-1.3154646890210666,0.30250000000000005,0.7500000000000001,-0.007650189958922638,-0.39792806842887274,0.0005100126639281759,0.24248267320623698,0.08577628285192704
St. Kitts and Nevis,Moderate,15,1.5,16.5,5.566379070414695,75.62696421019791,75.02169833555473,-0.6052658746431803,-0.8003307827627479,0.2525,0.5499999999999999,-0.15282963334740302,-0.20208352264759386,0.010188642223160202,0.23880332297837173,0.08447474249160511
Eritrea,Moderate,15,80.7,95.0,0.2346421575111741,0.21956466146875983,0.22621350798679987,0.006648846518040041,3.028195190229214,0.29000000000000004,0.7000000000000001,0.0019281654902316122,0.8781766051664721,0.00012854436601544082,0.234239479553567,0.08286031982246451
Peru,Moderate,15,30.6,45.6,1.6214873723235526,1.715989558272877,1.6836840479397028,-0.03230551033317419,-1.8826169528496024,0.22749999999999998,0.44999999999999996,-0.0073495036007971285,-0.42829535677328456,0.0004899669067198086,0.23346191581624004,0.08258526294443501
Singapore,Moderate,15,1.1,16.1,8.401599284161033,20.335085858520067,20.656015019762172,0.32092916124210547,1.5782041122174135,0.21500000000000002,0.4,0.06899976966705268,0.33931388412674396,0.004599984644470178,0.23248270465435864,0.08223887492222005
Senegal,Moderate,15,35.4,50.4,0.558605317752664,0.582510734272617,0.5875103436050708,0.004999609332453803,0.8582862148792555,0.34,0.9000000000000001,0.001699867173034293,0.29181731305894687,0.0001133244782022862,0.22689608765934013,0.08026265438153622
China,Moderate,15,15.2,30.2,44.88119055614668,30.729800572174565,30.33878365468296,-0.39101691749160494,-1.2724355843873119,0.21500000000000002,0.4,-0.08406863726069508,-0.2735736506432721,0.005604575817379672,0.2240562364703389,0.07925808001082243
Bulgaria,Moderate,15,20.4,35.4,6.361853503512785,5.970066506555394,5.89795014241745,-0.07211636413794409,-1.2079658419007087,0.265,0.6,-0.019110836496555185,-0.3201109481036878,0.0012740557664370122,0.22301025172299155,0.07888807137325286
Fiji,Moderate,15,28.4,43.4,2.066515702256418,1.9897508287852566,1.9682636834276277,-0.021487145357628856,-1.0798912631058817,0.29,0.7,-0.006231272153712368,-0.31316846630070566,0.0004154181435808245,0.222586158534971,0.07873805184084576
Austria,Moderate,15,36.0,51.0,6.98750731459742,6.686301148841668,6.600434521375413,-0.08586662746625517,-1.2842171711205481,0.2525,0.55,-0.02168132343522943,-0.32426483570793835,0.0014454215623486287,0.22214644848462622,0.07858250796980334
Spain,Moderate,15,19.0,34.0,5.406174372624073,5.939553751573368,5.8678987469329185,-0.0716550046404496,-1.2064038417274772,0.24,0.5,-0.017197201113707903,-0.28953692201459447,0.0011464800742471935,0.21129584075188074,0.07474419331542934
Andorra,Moderate,15,18.7,33.7,5.771281600903331,61.16472121677171,61.54700960603691,0.3822883892651987,0.6250145208875293,0.24,0.5,0.09174921342364768,0.15000348501300703,0.006116614228243179,0.20674878387534434,0.07313570875185867
Nigeria,Moderate,15,80.3,95.0,0.5855678930368264,0.5900244491739979,0.574625543817544,-0.01539890535645383,-2.6098758073519597,0.2775,0.65,-0.004273196236415938,-0.7242405365401688,0.00028487974909439587,0.20168704212877744,0.07134515858167123
Tajikistan,Moderate,15,34.9,49.9,0.7198821632449185,0.9311785301725957,0.9238081558262266,-0.007370374346369113,-0.7915103395911631,0.2775,0.65,-0.0020452788811174292,-0.2196441192365478,0.00013635192540782862,0.20006967789672636,0.07077302907646321
"Gambia, The",Moderate,15,47.7,62.7,0.2161981740736666,0.2852600259866443,0.28321813803102147,-0.002041887955622823,-0.7157988395185882,0.29000000000000004,0.7000000000000001,-0.0005921475071306188,-0.20758166346039061,3.947650047537458e-05,0.1997018722443124,0.07064292080415312
Chile,Moderate,15,24.2,39.2,4.430002583741983,4.944191685923387,4.8701610547004295,-0.07403063122295794,-1.4973252641828314,0.19,0.3,-0.014065819932362009,-0.28449180019473796,0.0009377213288241339,0.19930565028442104,0.07050276049309089
Nauru,Moderate,15,1.9,16.9,5.931700703330226,56.03996804596221,55.8688774797051,-0.1710905662571136,-0.30530097040167925,0.315,0.8,-0.05389352837099079,-0.09616980567652897,0.003592901891399386,0.1991206000248829,0.07043730046168294
Honduras,Moderate,15,45.9,60.9,0.9336887913001994,1.3145401817562656,1.3083133168059324,-0.0062268649503332,-0.47369148822928475,0.3275,0.8500000000000001,-0.002039298271234123,-0.15513396239509078,0.00013595321808227486,0.19716577260400486,0.06974579608504929
Malta,Moderate,15,8.6,23.6,2.918399662595342,5.712748506138243,5.750986654516687,0.038238148378444414,0.6693476587908296,0.2775,0.65,0.010611086175018327,0.18574397531445522,0.0007074057450012218,0.1959736020643968,0.0693240754067797
Sudan,Moderate,15,61.0,76.0,0.4090447820202381,0.9104971266022673,0.8870177553024985,-0.023479371299768848,-2.578741943688236,0.265,0.6,-0.006222033394438745,-0.6833666150773825,0.00041480222629591634,0.1916228934790673,0.06778504746186702
Guatemala,Moderate,15,62.1,77.1,1.020289415934455,1.321018255460408,1.2966095051212057,-0.024408750339202312,-1.8477224094602123,0.3275,0.8500000000000001,-0.007993865736088757,-0.6051290890982195,0.0005329243824059171,0.1890305624169517,0.06686803133246819
Marshall Islands,Moderate,15,12.2,27.2,4.740873817900542,21.67469334655971,21.58116942119226,-0.09352392536744958,-0.43148903595581456,0.2775,0.65,-0.02595288928946726,-0.11973820747773856,0.0017301926192978172,0.18757954680624747,0.06635474630553981
Hungary,Moderate,15,15.3,30.3,4.8297389483933175,5.1317894377374795,5.104784289108638,-0.027005148628841624,-0.526232593064998,0.265,0.6,-0.007156364386643031,-0.1394516371622245,0.0004770909591095354,0.1831326549402597,0.06478169430365728
Djibouti,Moderate,15,26.9,41.9,0.430922279209495,7.443748923444282,7.416701426070882,-0.027047497373399843,-0.3633585395151231,0.29,0.7,-0.007843774238285953,-0.10537397645938569,0.0005229182825523969,0.1815325112198734,0.0642156564150579
Tuvalu,Moderate,15,5.2,20.2,1.00080064051241,16.95014511687137,17.002869275074833,0.0527241582034641,0.3110543174700314,0.29,0.7,0.015290005879004588,0.09020575206630911,0.0010193337252669727,0.1808320189220166,0.06396786293488023
Dominica,Moderate,15,8.9,23.9,2.6935623858977045,49.14715009805971,49.05702759082016,-0.09012250723954907,-0.18337280403794365,0.3025,0.75,-0.027262058439963592,-0.05547027322147795,0.0018174705626642395,0.1801361662888175,0.06372171069851908
Slovenia,Moderate,15,23.4,38.4,6.652222741984663,6.861611668332541,6.814451814696936,-0.047159853635605486,-0.6872999510196112,0.22749999999999998,0.44999999999999996,-0.010728866702100248,-0.15636073885696156,0.0007152577801400166,0.1801338593380504,0.063720894633359
New Caledonia,Moderate,15,9.6,24.6,40.331147278344126,29.962637178959355,29.882595669393258,-0.08004150956609735,-0.26713773253011536,0.2775,0.65,-0.022211518904592015,-0.07413072077710701,0.001480767926972801,0.17728575341219358,0.06271340021630116
Latvia,Moderate,15,44.0,59.0,4.059843044233134,4.514536548316375,4.5265258007453175,0.011989252428942443,0.2655699494428425,0.29000000000000004,0.7000000000000001,0.0034768832043933088,0.07701528533842432,0.0002317922136262206,0.1744924804717281,0.061725302523975664
Albania,Moderate,15,41.9,56.9,2.001663973180583,2.8158870334078254,2.826519892057311,0.010632858649485488,0.3776024578875757,0.265,0.6,0.0028177075421136543,0.10006465134020756,0.00018784716947424363,0.1738958119645705,0.0615142358693481
Sao Tome and Principe,Moderate,15,42.5,57.5,0.6186341441859438,1.3077466446947335,1.3076541242671598,-9.25204275736835e-05,-0.007074797549588093,0.35250000000000004,0.9500000000000001,-3.261345071972344e-05,-0.002493866136229803,2.1742300479815627e-06,0.17100899210847148,0.06049304671284
"Korea, Dem. People's Rep.",Moderate,15,14.7,29.7,0.6882185678862859,6.284646311041421,6.307236085328194,0.022589774286773334,0.3594438440725873,0.2525,0.55,0.0057039180074102665,0.09075957062832829,0.0003802612004940178,0.17043914176798758,0.060291466767591534
Kiribati,Moderate,15,41.9,56.9,0.613172477753336,2.2601509970660483,2.261773987236715,0.0016229901706665828,0.07180892660594014,0.315,0.8,0.0005112419037599736,0.022619811880871143,3.408279358399824e-05,0.167684151506019,0.059316911262902214
Kenya,Moderate,15,67.7,82.7,0.3391551214607573,0.36561204532269914,0.3723562685892746,0.0067442232665754775,1.8446392433878491,0.29000000000000004,0.7000000000000001,0.001955824747306889,0.5349453805824763,0.00013038831648712592,0.16560190120398477,0.058580332073493946
South Sudan,Moderate,15,32.4,47.4,0.1252134867265084,7.512401519377305,7.520013801704441,0.007612282327135844,0.10132954565195841,0.29000000000000004,0.7000000000000001,0.002207561874869395,0.029385568239067943,0.00014717079165795966,0.164568816368606,0.058214886675363925
Monaco,Moderate,15,20.9,35.9,297.4493334360792,253.36649322233202,253.36649322233202,0.0,0.0,0.3025,0.75,0.0,0.0,0.0,0.1605,0.05677557582031879
France,Moderate,15,16.2,31.2,4.553881314798799,5.221658078567897,5.229586796456515,0.007928717888618486,0.15184291597264127,0.2525,0.55,0.0020020012668761676,0.038340336283091914,0.00013346675112507785,0.15879536098690628,0.056172573567769404
Sri Lanka,Moderate,15,48.8,63.8,0.975158919796222,1.5086215315146922,1.5148851449666756,0.006263613451983341,0.4151878599859649,0.2025,0.35,0.0012683817240266267,0.08407554164715793,8.455878160177511e-05,0.15771253460295995,0.05578953249947042
Brazil,Moderate,15,46.5,61.5,2.033746807010143,2.6475676155102095,2.6502609838942077,0.0026933683839982514,0.10172991874578491,0.2525,0.55,0.0006800755169595585,0.025686804483310694,4.53383677973039e-05,0.15585045122530947,0.05513083557740469
Switzerland,Moderate,15,27.7,42.7,4.270208980472795,6.726948363647477,6.730301209373604,0.0033528457261269295,0.04984200182427079,0.2525,0.55,0.0008465935458470497,0.012585105460628375,5.643956972313665e-05,0.15328228706982444,0.05422236829560553
Pakistan,Moderate,15,41.6,56.6,0.9067658842119214,0.9852876319922081,0.9849902059416423,-0.00029742605056581883,-0.030186723237805847,0.24,0.5,-7.138225213579652e-05,-0.007244813577073403,4.758816809053102e-06,0.14947132915441724,0.05287427278112425
Slovak Republic,Moderate,15,17.9,32.9,6.075387830666791,7.057936608091439,7.060754292238833,0.0028176841473941394,0.0399222082012448,0.22749999999999998,0.44999999999999996,0.0006410231435321666,0.00908230236578319,4.273487623547777e-05,0.14751731439146337,0.05218305587565316
Guinea,Moderate,15,66.6,81.6,0.2219828949372745,0.2803841012108448,0.2776052294911051,-0.002778871719739673,-0.9910946119052598,0.29000000000000004,0.7000000000000001,-0.0008058727987245053,-0.2874174374525254,5.372485324830035e-05,0.11573599430077211,0.04094067114992816
Mali,Moderate,15,71.1,86.1,0.2435785415106377,0.23168972547049488,0.2296142771892076,-0.0020754482812872788,-0.8957877942462243,0.3025,0.75,-0.0006278231050894018,-0.2709758077594829,4.185487367262679e-05,0.11489187945815792,0.04064207235710637
Cameroon,Moderate,15,79.2,94.2,0.311948447008807,0.3543493588588358,0.3512872004182466,-0.0030621584405891578,-0.8641636746432065,0.30250000000000005,0.7500000000000001,-0.0009263029282782204,-0.26140951157957004,6.175352855188136e-05,0.11307214390010786,0.03999835563343657
Sierra Leone,Moderate,15,71.6,86.6,0.1232359290243206,0.175437844904935,0.1741824917703455,-0.001255353134589493,-0.7155543521808164,0.3275,0.8500000000000001,-0.000411128151578059,-0.2343440503392174,2.7408543438537266e-05,0.11249763022200461,0.03979512607025301
Finland,Moderate,15,50.2,65.2,7.984008944393789,8.336375409921306,8.233954566881021,-0.10242084304028509,-1.2286016164578166,0.22749999999999998,0.44999999999999996,-0.023300741791664855,-0.27950686774415323,0.0015533827861109904,0.1087022726435523,0.03845254904869139
Norway,Moderate,15,61.4,76.4,6.844260725469647,8.656210041846641,8.584746375769344,-0.07146366607729782,-0.8255768486649658,0.2775,0.65,-0.019831167336450146,-0.229097575504528,0.0013220778224300098,0.10753328086632666,0.0380390276699923
Togo,Moderate,15,75.1,90.1,0.2486320287779471,0.34809511857842046,0.34616196750968276,-0.001933151068737704,-0.5553513868946125,0.315,0.8,-0.0006089425866523768,-0.17493568687180294,4.059617244349179e-05,0.098177939384845,0.034729651348454384
Burundi,Moderate,15,83.0,95.0,0.0442906466336818,0.4029161105309202,0.40110640619570076,-0.0018097043352194309,-0.44915164420573656,0.315,0.8,-0.0005700568655941207,-0.141482767924807,3.8003791039608046e-05,0.09147517140284757,0.032358601430897374
Paraguay,Moderate,15,58.8,73.8,1.2454766418399683,1.42058994163407,1.426827078758712,0.006237137124642134,0.43905260355903314,0.3025,0.75,0.0018867339802042453,0.13281341257660753,0.0001257822653469497,0.08765385916245216,0.031006843157765404
Nepal,Moderate,15,73.7,88.7,0.4048400972477738,0.6553965476886403,0.6514070362736923,-0.003989511414947966,-0.6087171848886921,0.2525,0.55,-0.0010073516322743614,-0.1537010891843948,6.715677548495742e-05,0.08155585468165825,0.028849723433454138
Somalia,Moderate,15,95.4,95.0,0.0387599141821795,0.09174651404112678,0.09215006399208407,0.0004035499509572882,0.43985317063533413,0.2775,0.65,0.00011198511139064749,0.12205925485130524,7.465674092709832e-06,0.07994693963849679,0.028280582760423202
Gabon,Moderate,15,91.3,95.0,1.896536332246836,1.7942732158731929,1.798959663654817,0.004686447781624192,0.2611891957236572,0.265,0.6,0.001241908662130411,0.06921513686676917,8.279391080869407e-05,0.0672321587541547,0.023782831943365855
Bhutan,Moderate,15,82.5,95.0,1.7671600201814797,1.9689067494782935,1.9689067494782935,0.0,0.0,0.3275,0.8500000000000001,0.0,0.0,0.0,0.0655,0.023170094805176827
Chad,Moderate,15,70.0,85.0,0.0579778747760265,5.89174864777453,5.9038670519521155,0.012118404177585695,0.20568433757205748,0.2525,0.55,0.003059897054840388,0.051935295236944505,0.0002039931369893592,0.06184582679123889,0.02187746061156565
Pre-demographic dividend,Moderate,15,73.3285283869645,88.3285283869645,0.0503928057742191,1.0283649638026247,1.0282588008695759,-0.00010616293304877011,-0.01032346849470711,0.3025,0.75,-3.211428724725296e-05,-0.0031228492196489002,2.140952483150197e-06,0.06113463232060058,0.021625881324396072
Zambia,Moderate,15,83.0,95.0,0.3840631078208051,0.47602896206371176,0.47618439175098354,0.00015542968727177975,0.03265130898715718,0.29000000000000004,0.7000000000000001,4.507460930881613e-05,0.009468879606275581,3.0049739539210754e-06,0.05990789929883855,0.021191934447833214
Haiti,Moderate,15,76.7,91.7,0.2894744482730024,8.438564245000231,8.444054654580556,0.005490409580325206,0.06506331433784156,0.2775,0.65,0.0015235886585402449,0.018055069728751035,0.00010157257723601632,0.059588405058759494,0.02107891594657612
Liberia,Moderate,15,92.8,95.0,0.2456593664891591,0.2133038548334776,0.2133038548334776,0.0,0.0,0.2775,0.65,0.0,0.0,0.0,0.05550000000000001,0.01963267575095136
Iceland,Moderate,15,82.4,95.0,5.7591170749967935,7.118553139020752,7.118553139020752,0.0,0.0,0.2775,0.65,0.0,0.0,0.0,0.05550000000000001,0.01963267575095136
Uruguay,Moderate,15,57.8,72.8,1.9227859871367976,6.368821957555417,6.368821957555417,0.0,0.0,0.2525,0.55,0.0,0.0,0.0,0.0505,0.017863966223838623
Guinea-Bissau,Moderate,15,87.4,95.0,0.1472314083539101,0.1859183207704174,0.1859183207704174,0.0,0.0,0.2525,0.55,0.0,0.0,0.0,0.0505,0.017863966223838623
Liechtenstein,Moderate,15,56.9,71.9,3.5449320132681743,111.49224710322943,111.49224710322943,0.0,0.0,0.21500000000000002,0.4,0.0,0.0,0.0,0.04300000000000001,0.015210901933169523
