country,date,CO2_emissions_Mt,Electric_power_consumption_per_capita,GDP_per_capita_current_USD,Population_total,Urban_population_percent,CO2_emissions_per_capita,Energy_efficiency
Afghanistan,2018,7.44,2271.66939388559,491.337221382603,36743039.0,25.495,0.2024873337232666,0.21628905275788937
Afghanistan,2019,7.44,2290.2681069016,496.6025042585,37856121.0,25.754,0.19653360681090384,0.21683160271149698
Afghanistan,2020,7.44,2214.70778976196,510.787063366811,39068979.0,26.026,0.19043241442270606,0.23063406636670164
Africa Eastern and Southern,2018,11.58,568.141298635339,1538.90167917284,243683300.5,35.8933979262181,0.047520695822157906,2.7086601218204747
Africa Eastern and Southern,2019,11.58,548.496602112228,1493.81793829992,243683300.5,36.384272287815,0.047520695822157906,2.7234771055049665
Africa Eastern and Southern,2020,11.58,512.766660655158,1344.10320999294,243683300.5,36.8840344817359,0.047520695822157906,2.621276524249041
Africa Western and Central,2018,11.58,182.920553801684,1720.14027955102,243683300.5,46.7097526162217,0.047520695822157906,9.403756132380483
Africa Western and Central,2019,11.58,188.361690483295,1798.34068458315,243683300.5,47.3226173576126,0.047520695822157906,9.54727407663947
Africa Western and Central,2020,11.58,193.378592547306,1680.03933212698,243683300.5,47.9310209575797,0.047520695822157906,8.687824800027924
Albania,2018,5.56,2276.74247900485,5365.48880180298,2866376.0,60.319,1.9397315634794599,2.356651598185229
Albania,2019,5.56,2297.67384172958,5460.4305086932,2854191.0,61.229,1.9480125892065387,2.376503753284168
Albania,2020,5.56,2354.60026238182,5370.77749956875,2837849.0,62.112,1.9592303889318987,2.280972097631504
Algeria,2018,151.67,1568.47300560981,4577.21029180491,42505035.0,72.629,3.568283145749674,2.9182588896551187
Algeria,2019,151.67,1651.17795668766,4468.45341883656,43294546.0,73.189,3.5032126217468593,2.7062215800170235
Algeria,2020,151.67,1591.97709300405,3743.5419522929,44042091.0,73.733,3.443751115268346,2.3515049109336505
American Samoa,2018,11.58,2271.66939388559,12552.0546868861,50908.0,87.153,227.4691600534297,5.525475987250225
American Samoa,2019,11.58,2290.2681069016,12886.1359517218,50209.0,87.147,230.63594176342886,5.626474871169067
American Samoa,2020,11.58,2214.70778976196,14489.2586563775,49761.0,87.153,232.71236510520288,6.542289110715967
Andorra,2018,0.46,2271.66939388559,42819.7745797624,75162.0,88.062,6.120113887336686,18.849474617660395
Andorra,2019,0.46,2290.2681069016,41257.8045846483,76474.0,87.984,6.015116248659675,18.014399475904206
Andorra,2020,0.46,2214.70778976196,37361.0900666982,77380.0,87.916,5.944688550012923,16.869534770866462
Angola,2018,27.34,370.736573340292,2538.59139143371,31297155.0,65.514,0.8735618301407908,6.84742637760636
Angola,2019,27.34,410.864566288621,2189.85571407618,32375632.0,66.177,0.8444622795317169,5.3298724050539485
Angola,2020,27.34,437.653350565236,1449.92286669308,33451132.0,66.825,0.8173116533096697,3.3129481696426692
Antigua and Barbuda,2018,0.53,2271.66939388559,18273.4270684912,90926.0,24.599,5.828915821657172,8.0440521484666
Antigua and Barbuda,2019,0.53,2290.2681069016,18896.3721832248,91364.0,24.506,5.800971936430104,8.250724937522206
Antigua and Barbuda,2020,0.53,2214.70778976196,15369.6082250401,91846.0,24.433,5.770528928859178,6.939790565640285
Arab World,2018,11.58,2637.60205036402,6668.2167280195,243683300.5,58.0104842292073,0.047520695822157906,2.5281360116850102
Arab World,2019,11.58,2641.14760590442,6638.48541455372,243683300.5,58.2045421060528,0.047520695822157906,2.5134851985224334
Arab World,2020,11.58,2556.5686868903,5722.48099531674,243683300.5,58.4966741305089,0.047520695822157906,2.238344318562909
Argentina,2018,177.41,2971.34364838317,11752.7998922979,44654882.0,91.87,3.972913868633669,3.9553822388376654
Argentina,2019,177.41,2876.71852724712,9955.97478680428,44973465.0,91.991,3.9447705441419734,3.4608790163185215
Argentina,2020,177.41,2827.42739776861,8535.59938004389,45191965.0,92.111,3.925697853589681,3.018857137332735
Armenia,2018,5.55,1938.69989895588,4196.00562301769,2969000.0,63.149,1.8693162681037387,2.164339940017287
Armenia,2019,5.55,2084.05063291139,4597.22887399548,2962500.0,63.219,1.8734177215189873,2.2059103562053166
Armenia,2020,5.55,2114.13135235523,4268.68093304583,2961500.0,63.313,1.8740503123417187,2.0191181254137036
Aruba,2018,11.58,2271.66939388559,30082.1276448186,108908.0,43.411,106.32827707790061,13.24230001327986
Aruba,2019,11.58,2290.2681069016,31096.2050738676,109203.0,43.546,106.04104282849373,13.577539232267549
Aruba,2020,11.58,2214.70778976196,22855.9323200761,108587.0,43.697,106.64259994290292,10.320066794244077
Australia,2018,386.62,9999.89664810579,57196.4220783778,24963258.0,86.012,15.487561759767095,5.719701322034375
Australia,2019,386.62,9988.77987162809,54972.7017885437,25334826.0,86.124,15.260416629662268,5.503445114922089
Australia,2020,386.62,9903.01937896971,51791.540179984,25649248.0,86.241,15.073346399863263,5.229873657520025
Austria,2018,63.18,8396.45084265961,51194.0749841299,8840521.0,58.297,7.146637624637734,6.09710887891222
Austria,2019,63.18,8339.93999945946,49885.9947355204,8879920.0,58.515,7.114928963323994,5.981577174266683
Austria,2020,63.18,8025.46724947246,48716.4098900349,8916864.0,58.748,7.08545066965247,6.0702272373284165
Azerbaijan,2018,32.02,2182.74646367607,4739.7943123408,9939771.0,55.68,3.221402183209251,2.1714818423566613
Azerbaijan,2019,32.02,2243.85125599507,4805.75371765917,10024283.0,56.031,3.1942434187063555,2.1417434443656944
Azerbaijan,2020,32.02,2257.18090568814,4229.91064904503,10093121.0,56.397,3.17245775612915,1.8739794574664235
"Bahamas, The",2018,2.26,2271.66939388559,32642.3353203452,392717.0,83.025,5.754780159758808,14.369315978903042
"Bahamas, The",2019,2.26,2290.2681069016,33640.3369861278,394675.0,83.132,5.726230442769367,14.688383811814193
"Bahamas, The",2020,2.26,2214.70778976196,26178.7537607708,395863.0,83.245,5.709045806251153,11.820409844489927
Bahrain,2018,30.75,12363.38925177532,26324.4066549559,1503091.0,89.287,20.457843204436724,2.1292225067795103
Bahrain,2019,30.75,12363.38925177532,27259.7438599327,1483756.0,89.394,20.724431779888338,2.2048762928028283
Bahrain,2020,30.75,12363.38925177532,24342.8444554718,1472204.0,89.506,20.887050979347972,1.968945890139008
Bangladesh,2018,82.76,471.126089137386,1965.24372731467,163523103.0,36.632,0.5061058558801933,4.171375291300375
Bangladesh,2019,82.76,515.10173042395,2129.79896954606,164913055.0,37.405,0.5018401969449902,4.134715229539507
Bangladesh,2020,82.76,509.945926958218,2248.85078828233,166298024.0,38.177,0.4976607539245325,4.409978920111245
Barbados,2018,1.25,2271.66939388559,20055.915870771,280711.0,31.147,4.452978330026255,8.8287124547055
Barbados,2019,1.25,2290.2681069016,20583.7265786414,281207.0,31.158,4.445124054522114,8.987474661422148
Barbados,2020,1.25,2214.70778976196,18347.1109131055,281698.0,31.191,4.437376197204098,8.284212932252101
Belarus,2018,59.31,3725.05571426831,6360.037502312,9438785.0,78.595,6.283647736440654,1.7073670812360622
Belarus,2019,59.31,3759.65072563435,6837.77339645635,9419758.0,79.044,6.296340097059819,1.8187256996599444
Belarus,2020,59.31,3764.62480831458,6542.85579976768,9379952.0,79.483,6.3230600753607265,1.7379834997944754
Belgium,2018,93.47,7748.27877771471,47487.2100392561,11427054.0,98.001,8.179711061136143,6.128743092702978
Belgium,2019,93.47,7673.44011391786,46716.6227467964,11488980.0,98.041,8.135622135298346,6.088093743256452
Belgium,2020,93.47,7420.741711909,45906.2875805246,11538604.0,98.079,8.100633317513973,6.186212829218
Belize,2018,0.68,2271.66939388559,6031.28139580144,380226.0,45.724,1.7884100508644858,2.6549996280423533
Belize,2019,0.68,2290.2681069016,6190.04792278445,385829.0,45.866,1.7624388006085598,2.7027612636839646
Belize,2020,0.68,2214.70778976196,5227.19363786168,390812.0,46.025,1.7399670429771859,2.360218202159982
Benin,2018,7.91,96.9043345066564,1151.7409703472,12383347.0,47.312,0.6387610716230434,11.885340074938405
Benin,2019,7.91,98.6897288428983,1130.82135339795,12726755.0,47.861,0.6215252827606095,11.458348975687997
Benin,2020,7.91,98.4685048831427,1200.19426631122,13070169.0,48.415,0.6051949290020657,12.188610639874629
Bermuda,2018,11.58,2271.66939388559,73388.1983951377,63831.0,100.0,181.4165530854914,32.30584458841981
Bermuda,2019,11.58,2290.2681069016,73388.1983951377,64107.0,100.0,180.63550002339838,32.04349664302896
Bermuda,2020,11.58,2214.70778976196,73388.1983951377,64382.0,100.0,179.86393712528346,33.13674098876293
Bhutan,2018,1.38,2271.66939388559,3400.20417245342,759759.0,40.895,1.8163654527290891,1.4967865401564975
Bhutan,2019,1.38,2290.2681069016,3576.87987100503,764824.0,41.612,1.8043366839952721,1.5617734274106576
Bhutan,2020,1.38,2214.70778976196,3191.66906999331,770006.0,42.316,1.7921938270610878,1.4411242353269345
Bolivia,2018,22.71,791.163438638737,3500.72642189887,11508368.0,69.425,1.9733466986804733,4.42478285892756
Bolivia,2019,22.71,802.304027987764,3503.89601123129,11671386.0,69.773,1.945784331012615,4.367292060117549
Bolivia,2020,22.71,769.784176923756,3099.94219053514,11816299.0,70.123,1.921921576290512,4.027027683166026
Bosnia and Herzegovina,2018,22.54,3898.73043991733,6047.84584261133,3387000.0,48.245,6.654856805432536,1.5512346739056857
Bosnia and Herzegovina,2019,22.54,3735.12979845065,6122.3753450882,3345533.0,48.626,6.737342002006855,1.6391332230616968
Bosnia and Herzegovina,2020,22.54,3513.72346484109,6130.31133245161,3299349.0,49.02,6.831650728674051,1.7446766638844917
Botswana,2018,8.21,1586.24460178823,7407.95940141786,2299141.0,69.446,3.570898870491197,4.670124262718753
Botswana,2019,8.21,1550.54515641167,7172.08956480028,2332083.0,70.172,3.5204578910784914,4.625527695948049
Botswana,2020,8.21,1504.29393709101,6323.29749806946,2365894.0,70.877,3.470147014194212,4.203498626270737
Brazil,2018,427.71,2640.41643831267,9300.66164923219,206107261.0,86.569,2.0751816210880607,3.5224222642605874
Brazil,2019,427.71,2661.18328561313,9029.83326681073,207455459.0,86.824,2.0616955661793406,3.3931647307525754
Brazil,2020,427.71,2624.84323723758,7074.19378337644,208660842.0,87.073,2.049785651684469,2.695091913687545
British Virgin Islands,2018,11.58,2271.66939388559,6765.478718542665,34657.0,47.723,334.13163285916266,2.978196887607229
British Virgin Islands,2019,11.58,2290.2681069016,6683.44658120869,36395.0,48.116,318.17557356779776,2.918193970858033
British Virgin Islands,2020,11.58,2214.70778976196,6185.003364546095,37135.0,48.515,311.83519590682647,2.792694997117822
Brunei Darussalam,2018,7.14,8709.2574404422,30988.1190497851,437810.0,77.629,16.308444302322926,3.5580667194299544
Brunei Darussalam,2019,7.14,10018.5235384476,30426.5730284202,442680.0,77.942,16.129032258064516,3.0370316455966413
Brunei Darussalam,2020,7.14,11837.1762433952,26834.3592463839,447404.0,78.25,15.958730811526047,2.2669561299601915
Bulgaria,2018,41.13,5353.90873037752,9872.38507789106,6710798.0,75.008,6.12892833311329,1.8439584189913765
Bulgaria,2019,41.13,5395.41761287984,10372.8044341114,6616726.0,75.347,6.216065165763249,1.922521142635861
Bulgaria,2020,41.13,5304.93248351015,10769.9475699414,6550696.0,75.686,6.2787221388383765,2.030176181019966
Burkina Faso,2018,4.27,117.475592867661,777.465618514048,20438288.0,29.358,0.20892160830691886,6.618103382460739
Burkina Faso,2019,4.27,122.555380338625,764.853077774946,20961952.0,29.98,0.20370240328763276,6.240877190879984
Burkina Faso,2020,4.27,130.36176787318,825.237038782475,21478690.0,30.607,0.19880169600660003,6.330360904473858
Burundi,2018,0.59,2271.66939388559,224.89939239264,11859446.0,13.032,0.049749372778458624,0.0990018146997876
Burundi,2019,0.59,2290.2681069016,210.236494521532,12255336.0,13.366,0.0481422949154556,0.0917955823110821
Burundi,2020,0.59,2214.70778976196,210.008139902508,12617036.0,13.708,0.04676217140063641,0.09482431085189796
Cabo Verde,2018,0.62,2271.66939388559,4294.96510035729,513415.0,65.732,1.2076000895961356,1.890664685590953
Cabo Verde,2019,0.62,2290.2681069016,4380.78117331128,514104.0,66.195,1.20598166907863,1.912780936044139
Cabo Verde,2020,0.62,2214.70778976196,3539.22661248299,514679.0,66.652,1.2046343449023567,1.598055792662106
Cambodia,2018,11.16,553.380308189697,2036.67377566578,16274522.0,23.388,0.6857344258713097,3.6804232921270033
Cambodia,2019,11.16,650.494645326608,2225.87705485686,16481304.0,23.805,0.6771308872162057,3.4218222561067595
Cambodia,2020,11.16,705.929171274907,2081.73914242939,16725474.0,24.232,0.6672456637103379,2.9489348608016472
Cameroon,2018,8.62,275.453297645207,1610.69641591017,24806383.0,56.374,0.34749120821040297,5.847439219931941
Cameroon,2019,8.62,261.623741305755,1555.22660476477,25506095.0,56.968,0.3379584369931971,5.944516338626945
Cameroon,2020,8.62,259.742657901446,1555.60370660749,26210558.0,57.56,0.328875104452183,5.989018974302372
Canada,2018,574.4,12363.38925177532,46539.1761570405,37072620.0,81.411,15.493914376701728,3.764273308013635
Canada,2019,574.4,12363.38925177532,46352.8693445211,37618495.0,81.482,15.269085060420412,3.749204073459474
Canada,2020,574.4,12363.38925177532,43537.839298904,38028638.0,81.562,15.104406316103143,3.521513268916304
Caribbean small states,2018,11.58,2271.66939388559,13815.3265154798,4407658.0,48.3598060566405,2.627245580305913,6.081574437136424
Caribbean small states,2019,11.58,2290.2681069016,13938.2023201976,4443134.0,48.3740566861139,2.6062684582549163,6.085838718268651
Caribbean small states,2020,11.58,2214.70778976196,11925.7573950011,4459302.0,48.4789384076252,2.596818964044149,5.384799498214117
Cayman Islands,2018,11.58,2271.66939388559,73388.1983951377,65941.0,100.0,175.61153152060174,32.30584458841981
Cayman Islands,2019,11.58,2290.2681069016,73388.1983951377,67327.0,100.0,171.99637589674276,32.04349664302896
Cayman Islands,2020,11.58,2214.70778976196,73388.1983951377,68684.0,100.0,168.5982179255722,33.13674098876293
Central African Republic,2018,0.33,2271.66939388559,455.243962859534,4878657.0,41.364,0.0676415661113294,0.20040062347314516
Central African Republic,2019,0.33,2290.2681069016,449.228467602439,4944703.0,41.77,0.06673808315686504,0.19614667219471518
Central African Republic,2020,0.33,2214.70778976196,462.879071294011,5026628.0,42.198,0.06565037237686974,0.2090023223080648
Central Europe and the Baltics,2018,11.58,4522.57275077764,16245.193864543,102074201.0,62.2947407041374,0.11344688360578008,3.5920248848953724
Central Europe and the Baltics,2019,11.58,4502.4912267082,16551.8488917344,101864274.0,62.3925547365605,0.11368068062802862,3.676153502210278
Central Europe and the Baltics,2020,11.58,4409.52067910608,16595.9352698049,101215763.0,62.5213419275711,0.11440905701614876,3.7636596985342434
Chad,2018,1.07,14.0500457678694,948.656629871231,16156531.0,23.059,0.06622708798070576,67.51982488488994
Chad,2019,1.07,14.3240518871099,893.336441643325,16685223.0,23.279,0.06412860049877667,62.36618302445772
Chad,2020,1.07,13.9334962352564,866.947814890409,17224679.0,23.52,0.062120170715518126,62.22040758849465
Channel Islands,2018,11.58,2271.66939388559,60783.3529257544,164949.0,30.914,70.20351745084844,26.757129840001568
Channel Islands,2019,11.58,2290.2681069016,60568.108347955,165639.0,30.931,69.9110716679043,26.445859401978424
Channel Islands,2020,11.58,2214.70778976196,56785.9402005039,166235.0,30.963,69.66042048906668,25.640375882999596
Chile,2018,86.62,4172.29678141718,15659.4808675628,18893191.0,87.564,4.584720495336124,3.753203975639488
Chile,2019,86.62,4218.62068793083,14495.716721687,19197744.0,87.643,4.511988491981141,3.4361270647437445
Chile,2020,86.62,4166.72173286725,13114.815470545,19370624.0,87.727,4.471719651364871,3.1475141157363278
China,2018,10313.46,4842.2067923237,10085.6638148819,243683300.5,59.152,42.32321204956759,2.0828651578595525
China,2019,10313.46,5082.38779040238,10342.9009524335,243683300.5,60.308,42.32321204956759,2.035047575858952
China,2020,10313.46,5261.94103890582,10627.4637989619,243683300.5,61.428,42.32321204956759,2.01968507825998
Colombia,2018,79.49,1466.90025072176,6816.96818309544,49024465.0,80.778,1.6214353384580535,4.6471927315720905
Colombia,2019,79.49,1502.82565004378,6472.54544924705,49907985.0,81.104,1.592731103048941,4.306917072554953
Colombia,2020,79.49,1470.27462790488,5339.68711357943,50629997.0,81.425,1.5700178690510291,3.631761721406025
Comoros,2018,0.26,2271.66939388559,1540.71132331975,771590.0,28.965,0.3369665236718983,0.6782286751173908
Comoros,2019,0.26,2290.2681069016,1519.26386326167,786578.0,29.164,0.3305457310018841,0.6633563374888075
Comoros,2020,0.26,2214.70778976196,1527.16990927956,802163.0,29.38,0.32412365067947535,0.6895581964985559
"Congo, Dem. Rep.",2018,2.2,120.691664070634,528.256019777898,90047644.0,44.46,0.024431510945472378,4.376905595308883
"Congo, Dem. Rep.",2019,2.2,125.780761131651,557.044161335917,92947442.0,45.046,0.023669290436201567,4.428691290497721
"Congo, Dem. Rep.",2020,2.2,130.534433389612,507.521230077872,95989998.0,45.638,0.02291905454566214,3.8880256871614143
"Congo, Rep.",2018,3.22,312.595862427181,2694.43413191427,5483118.0,66.916,0.5872571044431288,8.619545092481628
"Congo, Rep.",2019,3.22,358.041904255927,2488.42466724916,5616661.0,67.373,0.5732943469438515,6.950093376417871
"Congo, Rep.",2020,3.22,369.559749346013,1993.586671931,5752791.0,67.829,0.5597283127441967,5.394490810914681
Costa Rica,2018,8.26,2066.0298542625,12590.2493781628,4957818.0,79.34,1.6660555107105586,6.093933905256696
Costa Rica,2019,8.26,2090.18686270553,12884.6859951947,4999553.0,80.076,1.6521477020045592,6.164370384816605
Costa Rica,2020,8.26,2022.31880373119,12394.0493969354,5034320.0,80.771,1.6407379745427386,6.128632821921205
Cote d'Ivoire,2018,9.91,259.756592707161,2130.86619381144,27464173.0,50.779,0.36083373054779405,8.203319005703511
Cote d'Ivoire,2019,9.91,278.827988881925,2141.76836170115,28193009.0,51.239,0.3515055806920077,7.6813248565520515
Cote d'Ivoire,2020,9.91,290.017976203655,2179.72934832935,28915449.0,51.706,0.34272336563060113,7.515842213858879
Croatia,2018,16.58,4310.8473152785,15460.4183295843,3988775.0,56.947,4.156664640146411,3.586398960313325
Croatia,2019,16.58,4363.71186436386,15563.8167397199,3949390.0,57.242,4.198116671182132,3.5666462918464914
Croatia,2020,16.58,4164.06290317883,14808.4620188819,3914206.0,57.553,4.235852686343028,3.556253198667382
Cuba,2018,24.97,1563.0012973944,8911.46205964193,11227118.0,77.037,2.2240792338692796,5.701506501944545
Cuba,2019,24.97,1542.01887627483,9232.26115935183,11202846.0,77.109,2.2288979068354595,5.987125904486262
Cuba,2020,24.97,1398.39879803378,9605.26125067263,11176354.0,77.194,2.2341812007744206,6.868756798259636
Curacao,2018,11.58,4832.55510368027,19119.1243941688,159336.0,89.145,72.67660792287995,3.9563179278821847
Curacao,2019,11.58,4973.29158224351,19220.6865793075,157441.0,89.098,73.55136209754765,3.864781757002236
Curacao,2020,11.58,4821.0033108095,16356.0933254541,154947.0,89.062,74.73523204708707,3.392674153278631
Cyprus,2018,7.23,3857.60389443292,29599.986328125,1270737.0,66.81,5.689611619084044,7.673153371408106
Cyprus,2019,7.23,3853.35489802755,29703.052734375,1286671.0,66.805,5.619152059850576,7.70836154997801
Cyprus,2020,7.23,3540.03503175665,28649.015625,1302247.0,66.821,5.5519421430803835,8.092862180175565
Czechia,2018,11.58,6572.10472168767,23705.9329811299,10629928.0,73.792,1.08937708703201,3.607053445588187
Czechia,2019,11.58,6525.47304268137,24062.7190013343,10671870.0,73.921,1.085095676765178,3.687505694061795
Czechia,2020,11.58,6286.67907164219,23472.8915454417,10697858.0,74.061,1.0824596849201027,3.733750566546762
Denmark,2018,33.38,5783.24216433342,61324.7665045565,5793636.0,87.874,5.761494163596057,10.60387318427722
Denmark,2019,33.38,5755.1722252014,59404.2663247723,5814422.0,87.994,5.740897375525892,10.321892030380285
Denmark,2020,33.38,5690.91079952615,60985.4885601514,5831404.0,88.116,5.724178945584975,10.716296689315412
Djibouti,2018,0.49,2271.66939388559,2718.08338799203,1071882.0,77.777,0.4571398717396131,1.1965136279548445
Djibouti,2019,0.49,2290.2681069016,2837.16902340932,1088709.0,77.915,0.45007435412033886,1.2387934036454786
Djibouti,2020,0.49,2214.70778976196,2844.88810647853,1105188.0,78.062,0.4433634820501127,1.2845433242388615
Dominica,2018,0.18,2271.66939388559,9215.3085405645,68174.0,70.483,2.640302754715874,4.056623981186858
Dominica,2019,0.18,2290.2681069016,9491.14995962374,67880.0,70.786,2.6517383618149677,4.1441217868871645
Dominica,2020,0.18,2214.70778976196,7827.74842680426,67573.0,71.09,2.663785831619138,3.5344384767101023
Dominican Republic,2018,25.12,1586.15432515496,7882.98221584944,10782053.0,81.074,2.3297974884745978,4.969870895178695
Dominican Republic,2019,25.12,1693.58611857875,8183.01623600375,10894043.0,81.828,2.3058473332627747,4.831768604050026
Dominican Republic,2020,25.12,1541.29157090559,7135.22273255899,11008300.0,82.54,2.28191455538094,4.629378935983326
Early-demographic dividend,2018,11.58,1287.45498204693,3515.76621670583,243683300.5,44.9830331970367,0.047520695822157906,2.730787690235273
Early-demographic dividend,2019,11.58,1290.58960507224,3543.32390703605,243683300.5,45.3762640144949,0.047520695822157906,2.7455078617634725
Early-demographic dividend,2020,11.58,1233.37676651192,3250.74974734387,243683300.5,45.7878149257313,0.047520695822157906,2.635650221089561
East Asia & Pacific,2018,11.58,4293.00076269196,11394.4809001741,243683300.5,59.0346049837374,0.047520695822157906,2.654199598378152
East Asia & Pacific,2019,11.58,4426.09272048614,11578.2748298091,243683300.5,59.8725583443197,0.047520695822157906,2.6159133034468827
East Asia & Pacific,2020,11.58,4511.94928281519,11595.2940923559,243683300.5,60.6822345154889,0.047520695822157906,2.569907896908168
East Asia & Pacific (IDA & IBRD countries),2018,11.58,3754.4956300581,8136.36881824421,243683300.5,55.5614585448154,0.047520695822157906,2.167100356464738
East Asia & Pacific (IDA & IBRD countries),2019,11.58,3930.9214962925,8379.40686898285,243683300.5,56.5071002716161,0.047520695822157906,2.131664770432581
East Asia & Pacific (IDA & IBRD countries),2020,11.58,4037.03832737806,8485.42025780464,243683300.5,57.4239114272433,0.047520695822157906,2.101892419563843
East Asia & Pacific (excluding high income),2018,11.58,3717.80159225901,8045.94448809301,243683300.5,55.6392400876998,0.047520695822157906,2.164167260793531
East Asia & Pacific (excluding high income),2019,11.58,3891.72181395675,8286.43967532333,243683300.5,56.5760210675401,0.047520695822157906,2.1292476881584785
East Asia & Pacific (excluding high income),2020,11.58,3996.59530708283,8391.36838432688,243683300.5,57.4845396808942,0.047520695822157906,2.0996292442858957
Ecuador,2018,39.53,1484.555572063,6303.91886658338,17049547.0,63.821,2.3185366743175053,4.246334044486589
Ecuador,2019,39.53,1510.09044337374,6205.05765246766,17340021.0,63.986,2.2796973544611046,4.109063586022534
Ecuador,2020,39.53,1467.10957699062,5463.64515348598,17546065.0,64.166,2.2529267958371295,3.724087988501292
"Egypt, Arab Rep.",2018,246.26,1557.3593763197,2484.70315630508,105682094.0,42.704,2.330196068976453,1.5954590790578138
"Egypt, Arab Rep.",2019,246.26,1509.6999755228,2962.98892023003,107553158.0,42.73,2.2896584775316406,1.9626342771874026
"Egypt, Arab Rep.",2020,246.26,1431.10115302984,3511.11381026379,109315124.0,42.783,2.252753242085697,2.4534351068268476
El Salvador,2018,6.81,1017.71646612186,4183.54620971358,6219807.0,72.023,1.094889278718777,4.110718799368082
El Salvador,2019,6.81,1057.80514592793,4320.11671534627,6222318.0,72.746,1.0944474390412062,4.084038286235192
El Salvador,2020,6.81,989.466488458978,3997.19279583709,6234673.0,73.444,1.092278616697299,4.03974550170206
Equatorial Guinea,2018,6.67,752.27879848208,8102.47084834031,1616422.0,72.143,4.126397685752854,10.770569188828892
Equatorial Guinea,2019,6.67,751.417364746371,6804.14923073888,1670177.0,72.627,3.9935887034727457,9.055086493822927
Equatorial Guinea,2020,6.67,732.317759492166,5764.05502912947,1716468.0,73.1,3.8858865996919256,7.87097534426397
Eritrea,2018,0.8,96.1550508024405,6765.478718542665,3192760.0,40.08,0.2505669076285095,70.36009717724522
Eritrea,2019,0.8,97.5250247361732,6683.44658120869,3240194.0,40.712,0.2468987968004385,68.5305807333953
Eritrea,2020,0.8,98.746046739998,6185.003364546095,3291271.0,41.347,0.24306719197537974,62.63545294963998
Estonia,2018,16.0,7354.89346637649,23618.1361254581,1321977.0,68.88,12.103085000722404,3.2112138990769044
Estonia,2019,16.0,6987.72626079774,24021.2501413306,1326898.0,69.051,12.058198896976256,3.4376346818411663
Estonia,2020,16.0,7030.34624474059,23933.9939421065,1329522.0,69.229,12.03440033335289,3.404383384390427
Eswatini,2018,1.09,1066.78848758137,3973.46344933667,1168929.0,23.799,0.9324775071882039,3.7246965969283496
Eswatini,2019,1.09,1133.17184716334,3913.12643969301,1179874.0,23.981,0.9238274595422901,3.453250669339084
Eswatini,2020,1.09,1092.45268623468,3454.784217446,1192729.0,24.171,0.9138706277788164,3.1624108402840667
Ethiopia,2018,16.28,91.919211356599,747.968003672674,112664152.0,20.763,0.14450026659766632,8.137232604955072
Ethiopia,2019,16.28,92.3124380650632,828.709080522921,115737383.0,21.225,0.1406632807655587,8.97722016548663
Ethiopia,2020,16.28,93.3839345037291,905.313159254148,118917671.0,21.695,0.1369014366250076,9.694527908523668
Euro area,2018,11.58,6444.77291592378,40096.712205156,243683300.5,76.7633481741657,0.047520695822157906,6.221586505567144
Euro area,2019,11.58,6339.77647590257,39212.5111497975,243683300.5,76.9997231691574,0.047520695822157906,6.185156732077839
Euro area,2020,11.58,6065.99441657241,38234.5335889285,243683300.5,77.2349813593651,0.047520695822157906,6.3030940952518915
Europe & Central Asia,2018,11.58,5515.51561648829,25362.6758114579,243683300.5,72.1787895688215,0.047520695822157906,4.5984233524129206
Europe & Central Asia,2019,11.58,5450.36188466497,24975.4166431436,243683300.5,72.378819157659,0.047520695822157906,4.582340984259034
Europe & Central Asia,2020,11.58,5293.90716634109,24121.4791035767,243683300.5,72.5846286655556,0.047520695822157906,4.5564605395693745
Europe & Central Asia (IDA & IBRD countries),2018,11.58,4421.86666545668,8890.61596620106,243683300.5,66.2842724108461,0.047520695822157906,2.0106024534059213
Europe & Central Asia (IDA & IBRD countries),2019,11.58,4408.94357816558,9034.43209100317,243683300.5,66.4578157383553,0.047520695822157906,2.049114925340484
Europe & Central Asia (IDA & IBRD countries),2020,11.58,4351.62659625964,8456.58174660206,243683300.5,66.6377675914124,0.047520695822157906,1.9433151166671236
Europe & Central Asia (excluding high income),2018,11.58,3072.79150711645,5952.2500299061,243683300.5,63.3013485933657,0.047520695822157906,1.937082296706741
Europe & Central Asia (excluding high income),2019,11.58,3046.84210723359,6020.63670154835,243683300.5,63.5381802571839,0.047520695822157906,1.9760251728353742
Europe & Central Asia (excluding high income),2020,11.58,3051.4911496647,5733.41761868436,243683300.5,63.7631153787727,0.047520695822157906,1.8788904628854493
European Union,2018,11.58,6204.21814008468,36054.3954466385,243683300.5,74.5212870645992,0.047520695822157906,5.811271401580086
European Union,2019,11.58,6111.02958471191,35374.6443827131,243683300.5,74.7405842986022,0.047520695822157906,5.788655396336256
European Union,2020,11.58,5880.54548427256,34698.4032089427,243683300.5,74.9759872159918,0.047520695822157906,5.900541591208351
Faroe Islands,2018,11.58,2271.66939388559,62526.4908515743,50996.0,42.064,227.07663346144795,27.52446769757526
Faroe Islands,2019,11.58,2290.2681069016,63067.0695697911,51793.0,42.225,223.58233738149943,27.53698109830106
Faroe Islands,2020,11.58,2214.70778976196,62240.822409175,52567.0,42.398,220.29029619342933,28.1034015850302
Fiji,2018,1.9,2271.66939388559,6085.41979485376,917180.0,56.248,2.0715671950980177,2.678831616622223
Fiji,2019,1.9,2290.2681069016,5950.82866866702,914899.0,56.75,2.0767319671351703,2.598310936057887
Fiji,2020,1.9,2214.70778976196,4844.42127154524,914963.0,57.247,2.0765867035060435,2.187386206857531
Finland,2018,44.36,12363.38925177532,49654.2497035329,5515525.0,85.382,8.042752049895523,4.016232821950728
Finland,2019,44.36,12363.38925177532,48358.1807773701,5521606.0,85.446,8.033894486495415,3.91140162236873
Finland,2020,44.36,12363.38925177532,48828.6846862799,5529543.0,85.517,8.022362788389565,3.9494578462186936
Fragile and conflict affected situations,2018,11.58,508.248615922401,1828.22724414509,243683300.5,42.927213828579,0.047520695822157906,3.5971120960695786
Fragile and conflict affected situations,2019,11.58,486.656315095254,1898.51220216848,243683300.5,43.2680779543801,0.047520695822157906,3.9011354487342493
Fragile and conflict affected situations,2020,11.58,468.797339186352,1689.91690757517,243683300.5,43.6394229966267,0.047520695822157906,3.6047920205950863
France,2018,309.96,7148.74642241051,41418.1766484844,67158348.0,80.444,4.615360699462113,5.793767774255233
France,2019,309.96,7049.57659279671,40408.2848574751,67382061.0,80.709,4.600037389773519,5.732015863018563
France,2020,309.96,6676.20694393923,39169.8606000707,67601110.0,80.975,4.58513181218474,5.867083050148669
French Polynesia,2018,11.58,2271.66939388559,21925.616043938,279815.0,61.834,41.38448617836785,9.651763633807295
French Polynesia,2019,11.58,2290.2681069016,21582.5892046801,279034.0,61.897,41.50031895754639,9.423608152967823
French Polynesia,2020,11.58,2214.70778976196,19966.4838503859,279209.0,61.975,41.47430777661179,9.015403270212873
Gabon,2018,4.61,1017.0328135467,7624.2775233771,2212318.0,89.37,2.083787231311231,7.49658951198334
Gabon,2019,4.61,1014.68179737585,7441.1786472281,2267706.0,89.741,2.032891388919022,7.333509546019579
Gabon,2020,4.61,1022.15721673565,6605.80346077904,2322539.0,90.092,1.9848967014116878,6.462610010107115
"Gambia, The",2018,0.57,2271.66939388559,696.219806960615,2399632.0,61.27,0.2375364222514119,0.3064793710011481
"Gambia, The",2019,0.57,2290.2681069016,738.186751987483,2456844.0,61.931,0.23200496246403923,0.322314557742387
"Gambia, The",2020,0.57,2214.70778976196,720.335143352133,2515733.0,62.582,0.2265741237245765,0.32525064782002483
Georgia,2018,9.46,3268.97620291589,4804.0546040444,3726549.0,58.632,2.538541690985413,1.4695899590089512
Georgia,2019,9.46,3311.95343427341,4741.2832715876,3720161.0,59.039,2.542900697039725,1.4315670089207526
Georgia,2020,9.46,3150.65667109712,4300.85701291207,3722716.0,59.453,2.5411554359773887,1.365066861256713
Germany,2018,709.54,6815.82136213371,48874.8595028454,82905782.0,77.312,8.558389811702156,7.170795257982672
Germany,2019,709.54,6580.29256436905,47623.8656074829,83092962.0,77.376,8.539110689061728,7.237347753404838
Germany,2020,709.54,6367.10502947955,47379.765194548,83160871.0,77.453,8.53213766844746,7.44133557954216
Ghana,2018,16.11,444.388811977184,2195.32166016377,30637585.0,56.06,0.52582473455398,4.940092101770742
Ghana,2019,16.11,469.785528590296,2186.65822682613,31258945.0,56.707,0.5153724797813873,4.654588304130444
Ghana,2020,16.11,503.546668885278,2195.45481659987,31887809.0,57.349,0.505208746075969,4.359982802507737
Gibraltar,2018,11.58,5996.44230217479,6765.478718542665,34854.0,100.0,332.2430710965743,1.1282487811295976
Gibraltar,2019,11.58,6001.01425593058,6683.44658120869,35494.0,100.0,326.25232433650757,1.1137194974339026
Gibraltar,2020,11.58,5750.14513587482,6185.003364546095,36173.0,100.0,320.1282724684157,1.0756256091621446
Greece,2018,65.29,5059.03260652637,19873.4015238771,10732882.0,79.058,6.083175050280065,3.9283007384138138
Greece,2019,65.29,5118.46106292896,19335.3602002969,10721582.0,79.388,6.089586406185207,3.7775729780061154
Greece,2020,65.29,4851.28940714574,17886.733165236,10698599.0,79.715,6.102668209173931,3.6870060027525082
Greenland,2018,11.58,2271.66939388559,54545.135857765,56023.0,86.816,206.70081930635632,24.01103611492866
Greenland,2019,11.58,2290.2681069016,53309.2035905065,56225.0,87.052,205.95820364606493,23.276403068209387
Greenland,2020,11.58,2214.70778976196,54812.6661771023,56367.0,87.282,205.439352812816,24.749389707521477
Grenada,2018,0.3,2271.66939388559,10083.021279225,115691.0,36.272,2.5931144168517863,4.438595381160829
Grenada,2019,0.3,2290.2681069016,10462.7929159533,115981.0,36.396,2.586630568800062,4.568370351237148
Grenada,2020,0.3,2214.70778976196,8968.55890108484,116341.0,36.537,2.578626623460345,4.049545020135046
Guam,2018,11.58,2271.66939388559,37195.9503070464,162679.0,94.78,71.18312750877494,16.373839612032793
Guam,2019,11.58,2290.2681069016,39274.9431424899,161808.0,94.859,71.56630080094928,17.148622479672564
Guam,2020,11.58,2214.70778976196,36482.9363953675,162158.0,94.938,71.4118329037112,16.47302482251563
Guatemala,2018,18.21,652.451948377285,4352.94651790253,16845685.0,51.054,1.0809889891684428,6.671673720537973
Guatemala,2019,18.21,653.188065835417,4511.99755157656,17103803.0,51.439,1.0646754993611656,6.907654606037219
Guatemala,2020,18.21,679.252131304795,4477.61761796418,17357325.0,51.836,1.0491247931348868,6.591981698111121
Guinea,2018,3.12,2271.66939388559,933.273615633705,12704774.0,36.14,0.24557697759912928,0.410831619312959
Guinea,2019,3.12,2290.2681069016,1031.34146480732,13034346.0,36.5,0.23936759082504025,0.45031473027084823
Guinea,2020,3.12,2214.70778976196,1053.66097696415,13371183.0,36.875,0.2333376186684454,0.4757562066810624
Guinea-Bissau,2018,0.31,2271.66939388559,808.531613218504,1922168.0,43.36,0.16127622559526536,0.3559195785243849
Guinea-Bissau,2019,0.31,2290.2681069016,807.425524872835,1967696.0,43.777,0.15754466137045559,0.3525462902966258
Guinea-Bissau,2020,0.31,2214.70778976196,836.26731423732,2013255.0,44.196,0.1539795008580632,0.3775971340793465
Guyana,2018,2.44,2271.66939388559,6048.38697180418,791556.0,26.606,3.082536169266609,2.662529586428367
Guyana,2019,2.44,2290.2681069016,6405.82443444562,807665.0,26.689,3.021054521367151,2.7969757842507663
Guyana,2020,2.44,2214.70778976196,6775.70939096303,807481.0,26.786,3.0217429264589506,3.0594146199717356
Haiti,2018,3.33,81.2781041166128,1496.38048970156,10962362.0,55.278,0.303766651748957,18.410622466718046
Haiti,2019,3.33,81.4936259827974,1352.17204191532,11105163.0,56.192,0.299860524334492,16.592365667969567
Haiti,2020,3.33,77.7313958708798,1290.32538667383,11243848.0,57.088,0.2961619545194848,16.59979693169539
Heavily indebted poor countries (HIPC),2018,11.58,204.741205729432,977.345900504428,243683300.5,36.0931323349764,0.047520695822157906,4.77356718215288
Heavily indebted poor countries (HIPC),2019,11.58,207.677635172734,984.570661558162,243683300.5,36.5663214736184,0.047520695822157906,4.740860327782788
Heavily indebted poor countries (HIPC),2020,11.58,204.465058665654,968.074022023344,243683300.5,37.0465389661088,0.047520695822157906,4.7346672744038925
High income,2018,11.58,8903.88944585627,41079.7872699609,243683300.5,80.1568320346379,0.047520695822157906,4.613690176609143
High income,2019,11.58,8746.56072857811,41351.4989053257,243683300.5,80.3466412738277,0.047520695822157906,4.727743874253993
High income,2020,11.58,8545.09233450677,40219.1360185556,243683300.5,80.5443858638507,0.047520695822157906,4.7066941402309705
Honduras,2018,9.77,739.359419817905,2464.64241531918,9765210.0,57.096,1.0004905168450038,3.3334834848336565
Honduras,2019,9.77,776.979600916486,2502.32744328073,9943633.0,57.73,0.9825382734861594,3.2205831920543484
Honduras,2020,9.77,676.901549857505,2307.61494319511,10119640.0,58.359,0.9654493638113609,3.409085034124811
"Hong Kong SAR, China",2018,11.58,6298.07047205002,48537.5668888343,7452600.0,100.0,1.553820143305692,7.7067360716647135
"Hong Kong SAR, China",2019,11.58,6338.12384288549,48359.0011950597,7507900.0,100.0,1.542375364615938,7.629860569755579
"Hong Kong SAR, China",2020,11.58,6164.81753776233,46109.2299946609,7481000.0,100.0,1.547921400882235,7.479415199593622
Hungary,2018,46.39,4435.78445330589,16605.0570511887,9706964.0,71.351,4.779043169419398,3.7434319061227894
Hungary,2019,46.39,4495.49161490709,17012.8598553199,9694824.0,71.644,4.785027556972669,3.784427002133673
Hungary,2020,46.39,4494.94484158339,16386.9308821258,9670419.0,71.942,4.79710341402994,3.6456355883453586
IBRD only,2018,11.58,2764.59914454353,6429.48761275569,243683300.5,55.0771234775401,0.047520695822157906,2.325649136311687
IBRD only,2019,11.58,2837.94744231013,6517.95432240943,243683300.5,55.6730186862018,0.047520695822157906,2.2967142467951134
IBRD only,2020,11.58,2834.84690208523,6236.68120499036,243683300.5,56.2572383997407,0.047520695822157906,2.2000063567464054
IDA & IBRD total,2018,11.58,2173.65271399781,5111.82139451166,243683300.5,50.301080152151,0.047520695822157906,2.3517194635521754
IDA & IBRD total,2019,11.58,2223.63251457468,5169.58132257986,243683300.5,50.8211355459862,0.047520695822157906,2.3248361807520426
IDA & IBRD total,2020,11.58,2214.70778976196,4932.64621363093,243683300.5,51.3285959695125,0.047520695822157906,2.227222135774895
IDA blend,2018,11.58,400.198767815839,1869.41970744766,243683300.5,42.568372249278,0.047520695822157906,4.671228044130106
IDA blend,2019,11.58,394.130193680444,1878.13375771486,243683300.5,43.0461551836081,0.047520695822157906,4.765262311361073
IDA blend,2020,11.58,403.8058840787,1735.42504387769,243683300.5,43.526580341856,0.047520695822157906,4.297671510748623
IDA only,2018,11.58,298.408786599301,1160.50418891873,243683300.5,33.7704062246334,0.047520695822157906,3.8889745913448532
IDA only,2019,11.58,307.259357853578,1194.07215693518,243683300.5,34.2901441341824,0.047520695822157906,3.8862027352937627
IDA only,2020,11.58,302.946642507167,1179.86645615956,243683300.5,34.8127799417597,0.047520695822157906,3.8946345349631897
IDA total,2018,11.58,337.171626617049,1409.89867481954,243683300.5,36.8687600281853,0.047520695822157906,4.181546024395662
IDA total,2019,11.58,340.287560760832,1434.20463760134,243683300.5,37.3669945784169,0.047520695822157906,4.2146842934683635
IDA total,2020,11.58,341.23755072186,1374.49201596905,243683300.5,37.8684932787533,0.047520695822157906,4.027962377122404
Iceland,2018,2.2,12363.38925177532,73388.1983951377,352721.0,93.813,6.237224321772732,5.935928805654933
Iceland,2019,2.2,12363.38925177532,68452.23622306,360563.0,93.855,6.101568935248486,5.536688591538975
Iceland,2020,2.2,12363.38925177532,59023.5663465778,366463.0,93.898,6.0033345794800566,4.7740603441812945
India,2018,2434.52,970.834176233242,1966.25455171679,243683300.5,34.03,9.990508151378227,2.025324818441908
India,2019,2434.52,988.272169542114,2041.42863698585,243683300.5,34.472,9.990508151378227,2.06565428016827
India,2020,2434.52,901.428810221876,1907.04251637669,243683300.5,34.926,9.990508151378227,2.115577508452713
Indonesia,2018,583.11,972.032619476883,3860.95353090726,243683300.5,55.325,2.392900944806433,3.972041116259146
Indonesia,2019,583.11,994.537838522229,4106.94856160358,243683300.5,55.985,2.392900944806433,4.129504582456151
Indonesia,2020,583.11,975.620438233498,3853.70288774146,243683300.5,56.641,2.392900944806433,3.950002210612917
"Iran, Islamic Rep.",2018,629.29,3171.00961868621,4631.78709016514,86117998.0,74.898,7.307299456729126,1.4606663640724462
"Iran, Islamic Rep.",2019,629.29,3299.83413984305,3831.27894763337,87051648.0,75.391,7.228926900958842,1.1610519757261488
"Iran, Islamic Rep.",2020,629.29,3445.73798819091,2988.78122414716,87723443.0,75.874,7.173567047522291,0.8673849359383061
Iraq,2018,188.14,1019.45520576063,5646.68932074742,40265624.0,70.473,4.67247198255266,5.538928330386371
Iraq,2019,188.14,1104.84586986202,5671.8568632942,41192171.0,70.678,4.567372766053045,5.13361819780576
Iraq,2020,188.14,1184.44969626588,4295.18945121228,42116605.0,70.893,4.467121697012378,3.62631647823743
Ireland,2018,37.11,5894.62440144205,73388.1983951377,4898022.0,63.17,7.576527831030567,12.450021137425509
Ireland,2019,37.11,5892.74777070268,73388.1983951377,4976456.0,63.405,7.45711405867951,12.45398602668964
Ireland,2020,37.11,5913.7889263092,73388.1983951377,5039747.0,63.653,7.3634648723437905,12.409674966356862
Isle of Man,2018,11.58,2271.66939388559,73388.1983951377,83805.0,52.588,138.1779130123501,32.30584458841981
Isle of Man,2019,11.58,2290.2681069016,73388.1983951377,83957.0,52.735,137.92774872851578,32.04349664302896
Isle of Man,2020,11.58,2214.70778976196,73388.1983951377,84064.0,52.898,137.75218880852682,33.13674098876293
Israel,2018,61.97,6812.82928806232,42362.6652754196,8882800.0,92.418,6.97640383662809,6.218072328577049
Israel,2019,61.97,6986.08349900596,44250.6313628073,9054000.0,92.501,6.84448862381268,6.334111432980103
Israel,2020,61.97,6819.67640069017,44575.5719045492,9215100.0,92.587,6.724832069103971,6.536317749627831
Italy,2018,324.85,5247.31574227309,34904.1081923834,60148658.0,70.438,5.400785500484483,6.651802541857954
Italy,2019,324.85,5260.0173104957,33812.788724868,59729081.0,70.736,5.438724228822473,6.42826567460127
Italy,2020,324.85,4969.24141417202,32091.4866621366,59438851.0,71.039,5.465280612507129,6.458025277382045
Jamaica,2018,8.51,1155.27941060183,5578.10347525832,2820097.0,55.674,3.01762669865611,4.8283587711066955
Jamaica,2019,8.51,1179.12874817897,5607.24299266608,2823271.0,55.985,3.0142341985590475,4.755411994937641
Jamaica,2020,8.51,1094.06059689714,4879.44025773374,2830739.0,56.311,3.006282105132264,4.459936014122341
Japan,2018,1106.15,8057.88929982415,39751.1330982711,126811000.0,91.616,8.72282372980262,4.933194242211618
Japan,2019,1106.15,7852.89774387403,40415.9567649547,126633000.0,91.698,8.735084851500003,5.146629700671042
Japan,2020,1106.15,7687.53613546543,40028.7341726762,126261000.0,91.782,8.76082083937241,5.2069653354875225
Jordan,2018,24.7,1759.55472913906,4145.43989673265,10462306.0,90.979,2.360856201300172,2.355959623240017
Jordan,2019,24.7,1725.46739842077,4170.1144003465,10671891.0,91.203,2.314491405506297,2.4168027771276277
Jordan,2020,24.7,1713.99992710691,4022.0401356135,10865228.0,91.418,2.273307104093904,2.3465812757660793
Kazakhstan,2018,220.45,5152.77064946851,9472.48527327758,18932727.0,57.428,11.643858805971268,1.8383285260822997
Kazakhstan,2019,220.45,5034.26549964328,9457.12614657136,19209555.0,57.54,11.476059700498007,1.8785513293332416
Kazakhstan,2020,220.45,5306.86680508078,8781.50797787648,19482117.0,57.671,11.315505393997993,1.6547443718521608
Kenya,2018,18.4,178.142110438668,1836.45275528993,50207107.0,27.03,0.3664819803299959,10.308919944687625
Kenya,2019,18.4,175.810605144907,1960.40808854893,51202827.0,27.507,0.3593551582610859,11.15068164934145
Kenya,2020,18.4,172.643819770653,1927.66459027849,52217334.0,27.995,0.35237340918247567,11.165558042212442
Kiribati,2018,0.08,2271.66939388559,1912.73809378187,122084.0,54.057,0.6552865240326333,0.8419966826731843
Kiribati,2019,0.08,2290.2681069016,1750.9977188915,123921.0,54.835,0.6455725825324199,0.7645383148003339
Kiribati,2020,0.08,2214.70778976196,1751.7823197053,126099.0,55.594,0.6344221603660616,0.7909767274054624
"Korea, Dem. People's Rep.",2018,18.12,800.543068920168,6765.478718542665,25931147.0,61.899,0.6987735636992841,8.451111478197475
"Korea, Dem. People's Rep.",2019,18.12,771.114669721117,6683.44658120869,26037632.0,62.134,0.695915819072948,8.667253838687623
"Korea, Dem. People's Rep.",2020,18.12,774.898922235088,6185.003364546095,26136312.0,62.381,0.6932883262183279,7.981690498041106
"Korea, Rep.",2018,630.87,11072.8769559588,33447.1562836166,51585058.0,81.459,12.229704190698012,3.020638305351819
"Korea, Rep.",2019,630.87,10613.6364189565,31902.4169048194,51764822.0,81.43,12.187234025454584,3.0057951530956957
"Korea, Rep.",2020,630.87,10716.1516868537,31721.2989141857,51836239.0,81.414,12.17044315271407,2.9601390350885546
Kosovo,2018,11.58,2271.66939388559,4384.18624084947,1797086.0,58.297,6.443765073012644,1.9299402688832783
Kosovo,2019,11.58,2290.2681069016,4415.99716107514,1788891.0,58.515,6.473284286186246,1.9281572964177294
Kosovo,2020,11.58,2214.70778976196,4310.89065548799,1790151.0,58.748,6.468728057018653,1.9464828161151368
Kuwait,2018,89.46,12363.38925177532,32067.9623689512,4323515.0,100.0,20.69149754308705,2.593784092363379
Kuwait,2019,89.46,12363.38925177532,31707.8737464917,4442316.0,100.0,20.1381441572369,2.5646586951825214
Kuwait,2020,89.46,12363.38925177532,25236.0755520534,4400267.0,100.0,20.330584484986932,2.0411939669722545
Kyrgyz Republic,2018,11.0,1855.34659025751,1283.5203037417,6444079.0,36.351,1.706993350019452,0.6917954362174217
Kyrgyz Republic,2019,11.0,1911.92664392688,1421.99927504102,6590211.0,36.591,1.6691423081901322,0.7437520051085198
Kyrgyz Republic,2020,11.0,1889.5143992593,1229.51766602907,6726596.0,36.856,1.635299637439204,0.6507056344799741
Lao PDR,2018,18.79,841.184364015659,2545.1075420815,7128045.0,35.004,2.636066410916317,3.025623930920002
Lao PDR,2019,18.79,935.388295294209,2589.32081035237,7237636.0,35.645,2.5961515610898367,2.7681774760052424
Lao PDR,2020,18.79,867.75625999366,2583.77730696131,7346533.0,36.29,2.557669039259743,2.9775380784693937
Late-demographic dividend,2018,11.58,4361.09560749288,9959.66551035411,243683300.5,62.3774263489863,0.047520695822157906,2.2837530764613883
Late-demographic dividend,2019,11.58,4524.09620439736,10112.2012892771,243683300.5,63.218154758505,0.047520695822157906,2.235187058897681
Late-demographic dividend,2020,11.58,4608.60147467643,9869.54019951006,243683300.5,64.0329696631862,0.047520695822157906,2.141547767525939
Latin America & Caribbean,2018,11.58,2253.18063050071,9032.03848276062,243683300.5,80.6138689467709,0.047520695822157906,4.008572752888209
Latin America & Caribbean,2019,11.58,2226.66951722175,8830.22782156102,243683300.5,80.8488679958605,0.047520695822157906,3.965666100544023
Latin America & Caribbean,2020,11.58,2148.32075358292,7445.29645309345,243683300.5,81.0877969256887,0.047520695822157906,3.465635399498122
Latin America & Caribbean (excluding high income),2018,11.58,2171.364837447,8468.20128438484,243683300.5,80.1027920682901,0.047520695822157906,3.8999440068032962
Latin America & Caribbean (excluding high income),2019,11.58,2153.30268196602,8266.47471229954,243683300.5,80.3673865463117,0.047520695822157906,3.838974790460967
Latin America & Caribbean (excluding high income),2020,11.58,2073.66842582136,6892.38171560913,243683300.5,80.6299945481018,0.047520695822157906,3.323762675741723
Latin America & the Caribbean (IDA & IBRD countries),2018,11.58,2265.04980171281,8875.74361403055,243683300.5,80.607740795928,0.047520695822157906,3.918564442741521
Latin America & the Caribbean (IDA & IBRD countries),2019,11.58,2238.27961846226,8654.9472124286,243683300.5,80.8468332516826,0.047520695822157906,3.8667855173406402
Latin America & the Caribbean (IDA & IBRD countries),2020,11.58,2161.00816211532,7240.29672376392,243683300.5,81.0901657049533,0.047520695822157906,3.3504254406317
Latvia,2018,7.63,3728.25702297769,17252.1710428626,1927174.0,68.142,3.9591650779846552,4.627409252241844
Latvia,2019,7.63,3725.00681881596,17294.9751600969,1913822.0,68.222,3.9867866499601323,4.642937852552529
Latvia,2020,7.63,3669.13292595592,17564.2321549354,1900449.0,68.315,4.014840703433768,4.787025302540486
Least developed countries: UN classification,2018,11.58,242.892535227167,1072.37486063383,243683300.5,33.6667279661463,0.047520695822157906,4.41501777578666
Least developed countries: UN classification,2019,11.58,251.269030585071,1104.18633151052,243683300.5,34.2024920969837,0.047520695822157906,4.394438618000242
Least developed countries: UN classification,2020,11.58,249.572833760073,1088.70490856513,243683300.5,34.7409228785313,0.047520695822157906,4.362273297789122
Lebanon,2018,27.71,3171.56126073028,9174.53666204759,5984119.0,88.593,4.630589732590545,2.8927508907505928
Lebanon,2019,27.71,3358.30258340791,8905.88005497437,5794594.0,88.758,4.782043401142513,2.6518992359339273
Lebanon,2020,27.71,2868.6177288923,5561.19166950397,5702398.0,88.925,4.859359167844826,1.938631144014923
Lesotho,2018,2.57,2271.66939388559,1170.65569702819,2183603.0,28.153,1.1769538693617843,0.5153283748855
Lesotho,2019,2.57,2290.2681069016,1082.05706777516,2209405.0,28.585,1.163209099282386,0.4724586892313783
Lesotho,2020,2.57,2214.70778976196,918.582577421982,2235727.0,29.028,1.1495142295995888,0.41476468438335723
Liberia,2018,1.32,2271.66939388559,692.203127129794,4944726.0,51.151,0.2669510909199013,0.3047112088550047
Liberia,2019,1.32,2290.2681069016,658.164180770507,5043721.0,51.615,0.2617115419350119,0.28737429420912103
Liberia,2020,1.32,2214.70778976196,616.787867006715,5149463.0,52.089,0.2563374083860783,0.27849627380098224
Libya,2018,58.94,4050.77780803337,11196.5854810844,6849055.0,80.102,8.605566753369626,2.7640581665278448
Libya,2019,58.94,4088.60093168886,9963.19489084483,6951033.0,80.393,8.479315232714331,2.436822535949817
Libya,2020,58.94,3521.02130766476,6650.33810585348,7045399.0,80.691,8.365743373796146,1.8887525876019677
Liechtenstein,2018,0.14,2271.66939388559,73388.1983951377,38246.0,14.338,3.6605135177534907,32.30584458841981
Liechtenstein,2019,0.14,2290.2681069016,73388.1983951377,38563.0,14.371,3.6304229442730076,32.04349664302896
Liechtenstein,2020,0.14,2214.70778976196,73388.1983951377,38901.0,14.416,3.5988792061900723,33.13674098876293
Lithuania,2018,11.59,4330.66118047673,19247.2315367967,2819200.0,67.679,4.111095346197503,4.444409464209785
Lithuania,2019,11.59,4421.41817637222,19608.7943945553,2811089.0,67.855,4.1229573307711,4.434955847276211
Lithuania,2020,11.59,4438.91887506587,20428.6478157394,2810369.0,68.046,4.124013608177432,4.602167417496733
Low & middle income,2018,11.58,2062.1347798091,4846.86334479652,243683300.5,49.9317364027109,0.047520695822157906,2.3504105513632885
Low & middle income,2019,11.58,2117.66715165617,4904.42291649614,243683300.5,50.4910880268035,0.047520695822157906,2.315955513906198
Low & middle income,2020,11.58,2115.19229920513,4698.51752976729,243683300.5,51.0358692115088,0.047520695822157906,2.221319324740805
Low income,2018,11.58,221.528204490064,647.163397218355,243683300.5,35.308896471579,0.047520695822157906,2.921358924512845
Low income,2019,11.58,218.548059844622,654.940947912545,243683300.5,35.7448254230166,0.047520695822157906,2.996782256397879
Low income,2020,11.58,212.570937445396,607.964753680009,243683300.5,36.1918388913868,0.047520695822157906,2.8600558523489577
Lower middle income,2018,11.58,823.408960816132,2078.75738872105,243683300.5,38.468823695992,0.047520695822157906,2.5245746495892685
Lower middle income,2019,11.58,839.328085725119,2153.95427108494,243683300.5,38.9483291953,0.047520695822157906,2.5662840404346516
Lower middle income,2020,11.58,792.057821493479,2058.43459982702,243683300.5,39.4369727928763,0.047520695822157906,2.598843852012851
Luxembourg,2018,9.32,12363.38925177532,73388.1983951377,607950.0,90.981,15.330208076322066,5.935928805654933
Luxembourg,2019,9.32,12309.6575650684,73388.1983951377,620001.0,91.223,15.032233818977712,5.961839150050305
Luxembourg,2020,9.32,11980.920625806,73388.1983951377,630419.0,91.453,14.783818381108437,6.125422301610533
"Macao SAR, China",2018,11.58,2271.66939388559,73388.1983951377,658900.0,100.0,17.57474578843527,32.30584458841981
"Macao SAR, China",2019,11.58,2290.2681069016,73388.1983951377,672000.0,100.0,17.232142857142858,32.04349664302896
"Macao SAR, China",2020,11.58,2214.70778976196,36976.2561071429,685400.0,100.0,16.895243653341115,16.69577191089266
Madagascar,2018,3.37,82.0878732315919,500.45718552916,27494926.0,37.191,0.12256806946852666,6.096603137923139
Madagascar,2019,3.37,82.6377341045149,499.818837622534,28219554.0,37.861,0.11942073925052112,6.048312469342337
Madagascar,2020,3.37,70.3540525384861,450.771615201509,28953556.0,38.534,0.11639330243235062,6.4071876308038025
Malawi,2018,1.57,2271.66939388559,533.203173686705,18528081.0,16.937,0.08473624440653083,0.23471865013538987
Malawi,2019,1.57,2290.2681069016,580.889816066776,19025752.0,17.174,0.08251973430537726,0.25363398036950163
Malawi,2020,1.57,2214.70778976196,602.507478176106,19533888.0,17.427,0.08037314435303407,0.27204829502173933
Malaysia,2018,239.62,4778.58945925229,10901.8019954421,32910967.0,76.036,7.280855649121461,2.2813849334418266
Malaysia,2019,239.62,4916.00089902704,10920.191763972,33440596.0,76.607,7.16554214524167,2.2213567467274653
Malaysia,2020,239.62,4737.97858325564,9957.52626697613,33889558.0,77.16,7.070614494293493,2.101640202040328
Maldives,2018,1.91,2271.66939388559,11423.2838427029,473099.0,39.808,4.037209970851767,5.02858552985295
Maldives,2019,1.91,2290.2681069016,11740.2724029785,487731.0,40.238,3.9160930922988286,5.126156351564178
Maldives,2020,1.91,2214.70778976196,7393.8886543933,502118.0,40.669,3.8038867357872053,3.3385391465968546
Mali,2018,5.62,2271.66939388559,996.379292136901,20442030.0,42.356,0.2749237722476682,0.43861104737280376
Mali,2019,5.62,2290.2681069016,971.949318638092,21068405.0,43.136,0.2667501407913888,0.4243823313563923
Mali,2020,5.62,2214.70778976196,953.242943290974,21713836.0,43.909,0.25882114979591814,0.43041476970351467
Malta,2018,1.55,5044.39939409344,33382.2677502638,483903.0,94.612,3.2031212867041536,6.6176892712642035
Malta,2019,1.55,5036.59369096191,32421.9179753188,503912.0,94.678,3.075933893219451,6.437270894711922
Malta,2020,1.55,4713.96147354944,31833.596382464,515490.0,94.744,3.006847853498613,6.753045514072577
Marshall Islands,2018,0.19,2271.66939388559,4858.12079054875,45285.0,77.031,4.195649773655736,2.138568580280579
Marshall Islands,2019,0.19,2290.2681069016,5292.33985502306,44007.0,77.417,4.317494943986184,2.31079489736371
Marshall Islands,2020,0.19,2214.70778976196,5661.96787336674,42706.0,77.794,4.449023556408935,2.5565304369003443
Mauritania,2018,4.0,2271.66939388559,1722.93528854073,4337685.0,53.672,0.9221508707985941,0.7584445576359706
Mauritania,2019,4.0,2290.2681069016,1767.072710621,4467708.0,54.507,0.8953136597109749,0.7715571400990222
Mauritania,2020,4.0,2214.70778976196,1795.76459566714,4600131.0,55.327,0.8695404543914076,0.8108359052912127
Mauritius,2018,4.13,2330.16244764246,11643.4605962124,1265577.0,40.793,3.2633336414931686,4.996845008807289
Mauritius,2019,4.13,2412.35085723764,11403.2527870674,1265985.0,40.766,3.2622819385695725,4.727029135440587
Mauritius,2020,4.13,2164.27306491081,9011.04288445023,1266014.0,40.76,3.2622072109787097,4.1635424986548895
Mexico,2018,472.14,2542.79171309266,10084.7937553679,124573711.0,80.156,3.7900452367514363,3.9660321777210417
Mexico,2019,472.14,2430.32564224662,10369.5553585271,125762982.0,80.444,3.7542048740542744,4.266734950358902
Mexico,2020,472.14,2245.32432237231,8841.2707511328,126799054.0,80.731,3.723529356930376,3.937636386440382
"Micronesia, Fed. Sts.",2018,0.18,2271.66939388559,3566.58690371125,109909.0,22.703,1.6377184761939423,1.570029033851075
"Micronesia, Fed. Sts.",2019,0.18,2290.2681069016,3572.65918282222,110282.0,22.812,1.6321793221015215,1.5599305478935865
"Micronesia, Fed. Sts.",2020,0.18,2214.70778976196,3362.02793142215,110916.0,22.933,1.6228497241155468,1.5180458329374031
"Middle East, North Africa, Afghanistan & Pakistan",2018,11.58,2203.08829903458,5509.55913785523,243683300.5,53.9242829286333,0.047520695822157906,2.500834460547762
"Middle East, North Africa, Afghanistan & Pakistan",2019,11.58,2221.72052785844,5371.48987165166,243683300.5,54.1425070359765,0.047520695822157906,2.4177162718253067
"Middle East, North Africa, Afghanistan & Pakistan",2020,11.58,2197.87152132062,4707.81986084887,243683300.5,54.4074384854235,0.047520695822157906,2.14199047359243
"Middle East, North Africa, Afghanistan & Pakistan (IDA & IBRD)",2018,11.58,1266.24391333233,2784.50967675137,243683300.5,50.6387662527733,0.047520695822157906,2.199031045624909
"Middle East, North Africa, Afghanistan & Pakistan (IDA & IBRD)",2019,11.58,1281.16367320616,2667.55895258895,243683300.5,50.8890037110978,0.047520695822157906,2.0821375194890472
"Middle East, North Africa, Afghanistan & Pakistan (IDA & IBRD)",2020,11.58,1280.31985491707,2375.4738441756,243683300.5,51.1342115026343,0.047520695822157906,1.855375307234821
"Middle East, North Africa, Afghanistan & Pakistan (excluding high income)",2018,11.58,1266.24391333233,2789.82637461637,243683300.5,50.8132407261623,0.047520695822157906,2.2032298400349113
"Middle East, North Africa, Afghanistan & Pakistan (excluding high income)",2019,11.58,1281.16367320616,2674.37046083008,243683300.5,51.0649270322676,0.047520695822157906,2.087454176824549
"Middle East, North Africa, Afghanistan & Pakistan (excluding high income)",2020,11.58,1280.31985491707,2381.42542469934,243683300.5,51.3116626769768,0.047520695822157906,1.8600238179182123
Middle income,2018,11.58,2195.2553596336,5240.73875711968,243683300.5,51.3049706292102,0.047520695822157906,2.3873025678408486
Middle income,2019,11.58,2257.58549048082,5310.45350032976,243683300.5,51.901711293326,0.047520695822157906,2.352271275095208
Middle income,2020,11.58,2257.99480370636,5096.7359040376,243683300.5,52.4827584151325,0.047520695822157906,2.257195585956009
Moldova,2018,8.59,2126.54906189155,4156.44981956646,2707203.0,42.629,3.1730165783651985,1.9545515756261593
Moldova,2019,8.59,2166.48449980182,4405.33418162155,2664224.0,42.726,3.224203370287183,2.0334021231282886
Moldova,2020,8.59,2198.37351477916,4375.7788930524,2635130.0,42.849,3.2598012242280268,1.9904619772914132
Monaco,2018,11.58,2271.66939388559,73388.1983951377,38154.0,100.0,303.506840698223,32.30584458841981
Monaco,2019,11.58,2290.2681069016,73388.1983951377,38109.0,100.0,303.86522868613713,32.04349664302896
Monaco,2020,11.58,2214.70778976196,73388.1983951377,38050.0,100.0,304.3363994743758,33.13674098876293
Mongolia,2018,21.32,2275.11533765623,4107.64288528468,3208189.0,68.445,6.645493766109166,1.8054657789421245
Mongolia,2019,21.32,2358.86516184453,4347.54610314873,3267673.0,68.543,6.5245206604210395,1.843066815972278
Mongolia,2020,21.32,2189.52610059377,4001.25193077703,3327204.0,68.657,6.407782630701334,1.8274511227301398
Montenegro,2018,2.52,4966.17382725824,8790.88152116679,626438.0,66.813,4.022744469524518,1.7701517963216606
Montenegro,2019,2.52,5094.51091578341,8842.48528706869,626753.0,67.15,4.020722677035451,1.7356887507441787
Montenegro,2020,2.52,4744.72940838507,7612.62845881291,626590.0,67.488,4.021768620629119,1.6044389054852268
Morocco,2018,66.68,923.0251541863,3501.69799804688,35839760.0,62.453,1.8605035301575683,3.7937189275560197
Morocco,2019,66.68,940.186570352384,3508.09765625,36210898.0,62.994,1.84143458690254,3.731278202511611
Morocco,2020,66.68,916.187662173799,3268.0302734375,36584208.0,63.532,1.8226443497150466,3.566987865437508
Mozambique,2018,6.64,450.262252088692,517.507260258101,29018644.0,35.988,0.22881841067418587,1.149346315080757
Mozambique,2019,6.64,459.035790603653,519.09255091362,29884380.0,36.528,0.22218965225311685,1.1308324133745424
Mozambique,2020,6.64,417.363897399168,462.433876479921,30783688.0,37.074,0.21569865183145048,1.1079872489250022
Myanmar,2018,32.52,315.482898602006,1298.21310320785,52272247.0,30.579,0.6221274551292965,4.1150030919602925
Myanmar,2019,32.52,265.915851101789,1425.98954211903,52640713.0,30.852,0.6177727873860676,5.3625593818895005
Myanmar,2020,32.52,274.36730006544,1490.21683548367,53016522.0,31.141,0.6133936888579753,5.431466632970601
Namibia,2018,4.25,1667.23120504305,5308.60813408705,2577327.0,50.032,1.6489952574896394,3.184086357086853
Namibia,2019,4.25,1566.87772166245,4731.9210318831,2650494.0,51.042,1.6034746730232177,3.019968288822534
Namibia,2020,4.25,1426.28781843195,3878.58982993966,2728762.0,52.033,1.5574828438683916,2.719359851368395
Nauru,2018,0.07,2271.66939388559,11408.6947593898,11477.0,100.0,6.099154831401934,5.022163343881537
Nauru,2019,0.07,2290.2681069016,10776.8284610316,11587.0,100.0,6.041253128506084,4.70548772371069
Nauru,2020,0.07,2214.70778976196,10695.6993301601,11643.0,100.0,6.012196169372155,4.829395272642125
Nepal,2018,12.03,229.988302220869,1179.19843190389,28079689.0,19.74,0.4284235484232037,5.127210473389416
Nepal,2019,12.03,231.188329835535,1203.14294706401,28414064.0,20.153,0.42338188581541875,5.204168168522665
Nepal,2020,12.03,257.262042794567,1154.21517578318,28966574.0,20.576,0.41530627681409615,4.486535064579513
Netherlands,2018,151.17,6790.77027214614,53955.0770024266,17231624.0,91.49,8.772823733851203,7.9453544797024565
Netherlands,2019,151.17,6757.50080398393,53554.9007491475,17344874.0,91.876,8.715543278088962,7.925252590066115
Netherlands,2020,151.17,6643.57996731932,53467.9277413737,17441500.0,92.236,8.667259123355215,8.048059631161175
New Caledonia,2018,11.58,2271.66939388559,34902.8968780031,283541.0,70.683,40.840654437982515,15.364426254959238
New Caledonia,2019,11.58,2290.2681069016,33411.3358835672,283606.0,71.104,40.831294119306364,14.588395036757458
New Caledonia,2020,11.58,2214.70778976196,33270.330597637,284176.0,71.518,40.74939474128709,15.022447092766555
New Zealand,2018,32.21,8519.77308900951,43257.0769238879,4900600.0,86.538,6.5726645716851,5.077256925972529
New Zealand,2019,32.21,8464.41195372751,42779.2298164101,4979200.0,86.615,6.468910668380463,5.054010845676199
New Zealand,2020,32.21,8167.45903893757,41850.92032802,5090200.0,86.699,6.327845664217516,5.124105321924456
Nicaragua,2018,5.21,605.929925875927,2035.16549390507,6400080.0,58.522,0.8140523243459457,3.358747285774098
Nicaragua,2019,5.21,604.597066131043,1958.62051528095,6483657.0,58.76,0.8035588557506975,3.239546840368607
Nicaragua,2020,5.21,581.088324359086,1938.44704754382,6565267.0,59.012,0.7935701624930106,3.3358905458681156
Niger,2018,2.29,55.615475145674,578.568035680892,22188069.0,16.425,0.10320862081328483,10.403004454523579
Niger,2019,2.29,61.6182226437207,561.691304349698,22947757.0,16.517,0.09979188815708655,9.115668713741098
Niger,2020,2.29,61.2203260083551,579.512495758236,23717613.0,16.626,0.09655271801593188,9.466014533786483
Nigeria,2018,130.67,139.617321282156,2057.87944554011,204938755.0,50.344,0.6376051225645437,14.73942793517211
Nigeria,2019,130.67,138.391346832216,2265.15520863056,209485641.0,51.157,0.6237659028859166,16.367751745178165
Nigeria,2020,130.67,141.081956971933,2019.65706326224,213996181.0,51.958,0.6106183736054616,14.315488008605046
North America,2018,11.58,12363.38925177532,61228.195827322,243683300.5,82.1734280782901,0.047520695822157906,4.952379528010892
North America,2019,11.58,12363.38925177532,63306.7999807977,243683300.5,82.3621587015054,0.047520695822157906,5.120505283104888
North America,2020,11.58,12363.38925177532,62262.642409838,243683300.5,82.5536546891323,0.047520695822157906,5.036049673911012
North Macedonia,2018,7.37,3457.82088466643,6713.98925398989,1889051.0,57.963,3.901429871401037,1.9416821975258491
North Macedonia,2019,7.37,3580.52340238197,6718.85826635458,1876262.0,58.208,3.928022845423507,1.8765017041600147
North Macedonia,2020,7.37,3581.11850285865,6659.59651070776,1856124.0,58.482,3.9706398925933826,1.8596414794404865
Northern Mariana Islands,2018,11.58,2271.66939388559,26509.3628379893,49077.0,91.618,235.95574301607678,11.669551436200058
Northern Mariana Islands,2019,11.58,2290.2681069016,24496.6652122421,48129.0,91.708,240.60337842049492,10.695981461044983
Northern Mariana Islands,2020,11.58,2214.70778976196,18220.8382427201,47528.0,91.798,243.64585086685744,8.227197432975345
Norway,2018,37.35,12363.38925177532,73388.1983951377,5311916.0,82.248,7.031361188693496,5.935928805654933
Norway,2019,37.35,12363.38925177532,73388.1983951377,5347896.0,82.616,6.984055037719507,5.935928805654933
Norway,2020,37.35,12363.38925177532,68340.0181033702,5379475.0,82.974,6.9430567109243935,5.527611944560989
OECD members,2018,11.58,7925.68009057474,39539.1861151287,243683300.5,80.6055820250279,0.047520695822157906,4.988743636290456
OECD members,2019,11.58,7732.83686955838,39718.0136147565,243683300.5,80.8158684349034,0.047520695822157906,5.136279774776211
OECD members,2020,11.58,7528.89084108735,38704.9773091343,243683300.5,81.032765332463,0.047520695822157906,5.140860470165136
Oman,2018,73.37,7407.76667144423,19901.7615642016,4597877.0,84.539,15.957364670694757,2.686607508970247
Oman,2019,73.37,7686.15718495283,19180.1864152801,4591241.0,85.443,15.980428820878712,2.49541948645405
Oman,2020,73.37,7634.49926003268,16784.8630630058,4522497.0,86.276,16.22333856716765,2.198554547103847
Other small states,2018,11.58,2271.66939388559,12980.3425379993,12135267.0,54.6048276212629,0.9542435283871381,5.714010398228326
Other small states,2019,11.58,2290.2681069016,12871.1657622001,12281907.0,54.8602862593732,0.9428503244650851,5.619938435772447
Other small states,2020,11.58,2214.70778976196,11728.9524519274,12417333.0,55.0796303402671,0.9325674039666972,5.295936785045599
Pacific island small states,2018,11.58,2271.66939388559,4245.78362603826,2542009.0,38.4317318565749,4.5554520066608735,1.8690147595711692
Pacific island small states,2019,11.58,2290.2681069016,4170.32120953703,2568656.0,38.6080266824363,4.508194168467868,1.820887780330168
Pacific island small states,2020,11.58,2214.70778976196,3666.08926363725,2595522.0,38.8185116377361,4.46153028176991,1.6553376840884668
Pakistan,2018,208.37,494.626307874451,1569.33814626355,226928892.0,36.666,0.9182171479513503,3.1727753281208178
Pakistan,2019,208.37,481.176635278184,1390.41690981745,230800899.0,36.907,0.9028127745724248,2.8896185057148593
Pakistan,2020,208.37,517.659983683696,1278.39735206896,235001746.0,37.165,0.8866742632627078,2.469569586916524
Palau,2018,0.29,2271.66939388559,16197.7265072415,17814.0,79.93,16.279330863365892,7.130318588980945
Palau,2019,0.29,2290.2681069016,15841.1956399595,17798.0,80.47,16.293965614113944,6.91674288797146
Palau,2020,0.29,2214.70778976196,14556.5872302158,17792.0,80.988,16.299460431654676,6.572689768603904
Panama,2018,10.14,2271.66939388559,16151.3273478476,4167860.0,67.709,2.432903216518789,7.1098934516265455
Panama,2019,10.14,2384.82064845207,16477.9066285687,4234700.0,68.059,2.3945025621649703,6.909495118328548
Panama,2020,10.14,2170.14525788206,13290.5608347594,4293261.0,68.414,2.361841034123013,6.124272458946017
Papua New Guinea,2018,7.46,2271.66939388559,2566.36833735041,9394513.0,13.169,0.7940805446753866,1.129727919149692
Papua New Guinea,2019,7.46,2290.2681069016,2575.77274140393,9609010.0,13.25,0.7763546921066791,1.124659918042773
Papua New Guinea,2020,7.46,2214.70778976196,2429.61134585269,9815746.0,13.345,0.7600033660202699,1.0970347226321122
Paraguay,2018,8.42,2020.57385106409,6258.44991640954,6427382.0,61.585,1.3100201606190514,3.097362619591294
Paraguay,2019,8.42,2030.5268195617,5821.18199548637,6515058.0,61.879,1.2923906433373271,2.8668333456156483
Paraguay,2020,8.42,2141.3626431935,5365.47220721191,6603739.0,62.183,1.2750352489703183,2.505634542690147
Peru,2018,54.28,1536.51135459037,6978.49121548627,31897584.0,77.907,1.70169627894075,4.541776534639874
Peru,2019,54.28,1561.29701768941,7037.00803692604,32449303.0,78.099,1.6727632023405865,4.507155241569748
Peru,2020,54.28,1413.12448385784,6133.32552410183,32838579.0,78.297,1.652933886085631,4.340258479817579
Philippines,2018,142.24,829.103019663211,3168.51036609727,109465287.0,46.907,1.2994073637243557,3.821612382239721
Philippines,2019,142.24,866.813544333681,3400.78949767074,110804683.0,47.149,1.2837002566037754,3.9233229797821454
Philippines,2020,142.24,820.957907826593,3227.57910235199,112081264.0,47.408,1.2690791923974019,3.931479399347885
Poland,2018,312.74,4393.41931151621,15658.210586693,37974750.0,60.058,8.23547225459022,3.564014603761826
Poland,2019,312.74,4363.43809737663,15874.5220531254,37965475.0,60.037,8.23748418793654,3.6380766035547567
Poland,2020,312.74,4299.90093760092,16150.9291009726,37515748.0,60.043,8.336232560257095,3.7561165560208987
Portugal,2018,49.78,5048.60935943854,23541.1401075289,10283822.0,65.211,4.84061276050869,4.662895944507564
Portugal,2019,49.78,5016.98235792727,23343.3628970034,10286263.0,65.764,4.839464050258097,4.652869241232003
Portugal,2020,49.78,4858.94983248165,22299.4044062173,10297081.0,66.31,4.834379762575433,4.589346499761688
Post-demographic dividend,2018,11.58,9039.17208370404,45528.3268108869,243683300.5,81.2842182278934,0.047520695822157906,5.036780624297006
Post-demographic dividend,2019,11.58,8832.73051571095,45864.970468297,243683300.5,81.4749496268461,0.047520695822157906,5.192615169988044
Post-demographic dividend,2020,11.58,8613.06987888592,44887.3835189149,243683300.5,81.6627037423207,0.047520695822157906,5.2115429399861055
Pre-demographic dividend,2018,11.58,225.537037063344,1439.93370870327,243683300.5,41.4439041161344,0.047520695822157906,6.38446672640668
Pre-demographic dividend,2019,11.58,231.940701576053,1476.6218732969,243683300.5,41.9842362316093,0.047520695822157906,6.366376678449074
Pre-demographic dividend,2020,11.58,235.448164394286,1320.70911111119,243683300.5,42.5266498156658,0.047520695822157906,5.609341293905801
Puerto Rico (US),2018,11.58,2271.66939388559,30679.9181934488,3290690.0,93.578,3.5190188076056996,13.505450342389901
Puerto Rico (US),2019,11.58,2290.2681069016,31830.5284993358,3302691.0,93.576,3.506231736483976,13.89816694535291
Puerto Rico (US),2020,11.58,2214.70778976196,31427.1130762831,3281590.0,93.581,3.5287772086092413,14.190184918101965
Qatar,2018,90.17,12363.38925177532,71039.8490579352,2580734.0,99.135,34.939672201784454,5.745984989329219
Qatar,2019,90.17,12363.38925177532,66841.3013484919,2638657.0,99.188,34.17268709044033,5.406389784168111
Qatar,2020,90.17,12363.38925177532,51683.5054376677,2794148.0,99.235,32.271017855890236,4.1803670809965165
Romania,2018,74.88,2838.45564104289,12502.2624061935,19473970.0,53.998,3.845132759267884,4.404600242968739
Romania,2019,74.88,2820.56539536543,12992.0326104674,19371648.0,54.084,3.8654429401153685,4.606180247341567
Romania,2020,74.88,2726.41154410143,13082.3006559554,19265250.0,54.194,3.886790983766107,4.798358737975144
Russian Federation,2018,1607.55,6873.34950566688,11211.8876953125,145398106.0,74.433,11.056196289104344,1.6312116364908578
Russian Federation,2019,1607.55,6902.44952931316,11447.701171875,145453291.0,74.587,11.05200156660601,1.6584983523978223
Russian Federation,2020,1607.55,6770.33287198,10108.3271484375,145245148.0,74.754,11.0678395948896,1.4930325199034558
Rwanda,2018,1.08,56.7745217086873,771.773511057901,12487996.0,17.211,0.08648305140392422,13.593659406201722
Rwanda,2019,1.08,55.1811456122419,810.051412137354,12776103.0,17.313,0.08453281881024284,14.679858548598974
Rwanda,2020,1.08,54.8759333213785,778.701498787411,13065837.0,17.432,0.08265830960542367,14.190218765428185
Samoa,2018,0.32,2271.66939388559,4231.81409469194,207582.0,18.243,1.5415594801090653,1.8628653034117826
Samoa,2019,0.32,2290.2681069016,4351.94234943706,209780.0,18.056,1.5254075698350653,1.9001890373981614
Samoa,2020,0.32,2214.70778976196,4099.6600907147,211944.0,17.889,1.5098327860189484,1.8511065476296253
San Marino,2018,11.58,2271.66939388559,47950.6880557136,34522.0,97.226,335.43827124732053,21.108127874935214
San Marino,2019,11.58,2290.2681069016,46627.0122356944,34663.0,97.368,334.07379626691284,20.358757166982503
San Marino,2020,11.58,2214.70778976196,44426.6463400658,34770.0,97.499,333.04572907679034,20.059823036447096
Sao Tome and Principe,2018,0.14,2271.66939388559,1825.59971753966,210187.0,72.803,0.6660735440345977,0.8036379424107363
Sao Tome and Principe,2019,0.14,2290.2681069016,1935.2931816596,213392.0,73.598,0.656069580865262,0.845007261738352
Sao Tome and Principe,2020,0.14,2214.70778976196,2167.22001796925,217435.0,74.354,0.6438705820130154,0.97855799667467
Saudi Arabia,2018,514.6,11788.3059837733,29360.0658968566,30196281.0,83.844,17.04183372780244,2.490609417270893
Saudi Arabia,2019,514.6,11871.75313406,29566.7933827436,30063799.0,84.065,17.116931895400178,2.4905161898891426
Saudi Arabia,2020,514.6,11356.6876296054,24338.8307301067,31552510.0,84.287,16.309320558015827,2.1431276023352575
Senegal,2018,9.86,271.6391054245,1452.55612562445,15914498.0,47.192,0.6195608557681178,5.347374868410384
Senegal,2019,9.86,310.52554399758,1431.18128932159,16352922.0,47.653,0.6029503473446519,4.608900352921509
Senegal,2020,9.86,312.164609920211,1461.08720350553,16789219.0,48.122,0.5872816359117121,4.6805023922442155
Serbia,2018,45.54,4727.46270589024,7559.86165747394,6982604.0,56.092,6.521922194069719,1.599137238682949
Serbia,2019,45.54,4800.8454717515,7755.632986437,6945235.0,56.26,6.557013549577516,1.6154723229630428
Serbia,2020,45.54,4778.43135492815,8098.70955668849,6899126.0,56.446,6.600836105906748,1.6948468974731699
Seychelles,2018,0.62,2271.66939388559,18440.2340460932,96762.0,56.691,6.407474008391724,8.117481397480992
Seychelles,2019,0.62,2290.2681069016,19141.5118743615,97625.0,57.119,6.350832266325224,8.357760306175326
Seychelles,2020,0.62,2214.70778976196,14041.4754074575,98462.0,57.546,6.296845483536796,6.340102957314606
Sierra Leone,2018,1.02,2271.66939388559,845.914540460932,7554563.0,42.055,0.13501773696241595,0.3723757262996939
Sierra Leone,2019,1.02,2290.2681069016,844.049555179116,7731991.0,42.484,0.13191944998383986,0.36853744443090225
Sierra Leone,2020,1.02,2214.70778976196,845.982914284565,7912558.0,42.923,0.12890900768120753,0.3819839882242399
Singapore,2018,47.36,9326.12549470833,66881.6067035265,5638676.0,100.0,8.399134832361355,7.171424697370339
Singapore,2019,47.36,9451.80114416079,65952.0378959293,5703569.0,100.0,8.303572727883191,6.977721694523131
Singapore,2020,47.36,9306.68241113355,61410.0792630788,5685807.0,100.0,8.329512415739753,6.598493055872858
Sint Maarten (Dutch part),2018,11.58,2271.66939388559,31708.3110124742,39712.0,100.0,291.59951651893635,13.958153901188297
Sint Maarten (Dutch part),2019,11.58,2290.2681069016,34861.469528968,40385.0,100.0,286.7401262845116,15.221567040083578
Sint Maarten (Dutch part),2020,11.58,2214.70778976196,30150.8998380477,41008.0,100.0,282.38392508778776,13.613940393142501
Slovak Republic,2018,33.0,5400.99813265511,19573.3717031314,5446771.0,53.726,6.058635474118519,3.624028600341176
Slovak Republic,2019,33.0,5213.46417689146,19406.0589683582,5454147.0,53.729,6.050441984786989,3.722296405981849
Slovak Republic,2020,33.0,5050.16920301742,19735.4858280801,5458827.0,53.76,6.0452547772625875,3.9078860597954557
Slovenia,2018,14.05,7206.25065697668,25888.0481065655,2073894.0,54.541,6.774695331583967,3.5924434687131193
Slovenia,2019,14.05,7145.7130749359,25814.1687167572,2088385.0,54.822,6.727686705277044,3.6125392170170176
Slovenia,2020,14.05,6820.23897234566,25392.0651093612,2102419.0,55.118,6.682778266368407,3.723046246959907
Small states,2018,11.58,2271.66939388559,12009.7862050813,19084934.0,51.0083743010062,0.6067613333113963,5.286766744054729
Small states,2019,11.58,2290.2681069016,11958.5107041682,19293697.0,51.2028404507959,0.6001960122002538,5.221445763547015
Small states,2020,11.58,2214.70778976196,10699.2911713647,19472157.0,51.4005017222283,0.5946952872247281,4.831017085335071
Solomon Islands,2018,0.37,2271.66939388559,2278.20633913383,709101.0,23.749,0.5217874463581351,1.002877595334002
Solomon Islands,2019,0.37,2290.2681069016,2223.66502559565,728147.0,24.21,0.5081391532204349,0.9709190897322262
Solomon Islands,2020,0.37,2214.70778976196,2063.33101522108,744498.0,24.67,0.4969791725431096,0.9316493240143657
Somalia,2018,0.69,2271.66939388559,509.525801898508,15452487.0,44.971,0.04465300634130933,0.22429575503809848
Somalia,2019,0.69,2290.2681069016,539.893931565407,16030971.0,45.554,0.043041684748852706,0.23573394308660442
Somalia,2020,0.69,2214.70778976196,518.184778494334,16651191.0,46.141,0.041438477283697005,0.23397433326860206
South Africa,2018,433.25,3906.31764444206,6914.1780318076,58613001.0,66.355,7.391704785769287,1.7699989251117731
South Africa,2019,433.25,3768.65196675465,6533.71121032856,59587885.0,66.856,7.270773245266215,1.7336998130806498
South Africa,2020,433.25,3477.81901111187,5580.60383075189,60562381.0,67.354,7.15378082641764,1.6046274440738515
South Asia,2018,11.58,901.924723399466,1988.3663331799,243683300.5,33.8381523535219,0.047520695822157906,2.204581248960003
South Asia,2019,11.58,922.018752873727,2067.05975687637,243683300.5,34.3092492591791,0.047520695822157906,2.2418847235306285
South Asia,2020,11.58,846.756331117461,1957.20343722686,243683300.5,34.7891559819959,0.047520695822157906,2.3114128177157487
South Asia (IDA & IBRD),2018,11.58,901.924723399466,1988.3663331799,243683300.5,33.8381523535219,0.047520695822157906,2.204581248960003
South Asia (IDA & IBRD),2019,11.58,922.018752873727,2067.05975687637,243683300.5,34.3092492591791,0.047520695822157906,2.2418847235306285
South Asia (IDA & IBRD),2020,11.58,846.756331117461,1957.20343722686,243683300.5,34.7891559819959,0.047520695822157906,2.3114128177157487
South Sudan,2018,1.38,51.8622140502739,6765.478718542665,10122977.0,19.615,0.1363235340750058,130.45101992723227
South Sudan,2019,1.38,51.3269011292302,6683.44658120869,10423384.0,19.899,0.13239462347352837,130.21332740079507
South Sudan,2020,1.38,50.1006359135379,6185.003364546095,10698467.0,20.199,0.12899044321022815,123.45159401209955
Spain,2018,258.34,5556.79404205176,30602.4212881113,46782011.0,80.321,5.522208098322237,5.507208123339376
Spain,2019,258.34,5418.86933117843,29786.5245689007,47118501.0,80.565,5.482772043193818,5.496815432975773
Spain,2020,258.34,5089.18774012116,27233.9426461608,47359424.0,80.81,5.454880532330798,5.351333854606912
Sri Lanka,2018,21.63,652.099676972773,4358.56095906047,21670000.0,18.476,0.9981541301338256,6.683887621742301
Sri Lanka,2019,21.63,679.264321423657,4081.94772722003,21803000.0,18.585,0.992065312113012,6.009365718877675
Sri Lanka,2020,21.63,682.604133400246,3847.60137695639,21919000.0,18.713,0.9868150919293763,5.636651155026544
St. Kitts and Nevis,2018,0.26,2271.66939388559,22901.3816403197,47008.0,30.776,5.530973451327434,10.081300431286746
St. Kitts and Nevis,2019,0.26,2290.2681069016,23595.4923231291,46952.0,30.799,5.537570284545919,10.302502249420211
St. Kitts and Nevis,2020,0.26,2214.70778976196,18859.0190361046,46870.0,30.843,5.547258374226584,8.515353187127046
St. Lucia,2018,0.39,2271.66939388559,11642.6984727769,177017.0,18.678,2.203178225820119,5.125172925300798
St. Lucia,2019,0.39,2290.2681069016,11794.0597229805,177661.0,18.754,2.1951919667231414,5.149641514650505
St. Lucia,2020,0.39,2214.70778976196,8411.07474936367,178250.0,18.841,2.1879382889200563,3.797825965233862
St. Vincent and the Grenadines,2018,0.28,2271.66939388559,8428.12677153069,104926.0,52.198,2.668547357185064,3.710102708702146
St. Vincent and the Grenadines,2019,0.28,2290.2681069016,8740.59425232061,104167.0,52.614,2.687991398427525,3.816406570908139
St. Vincent and the Grenadines,2020,0.28,2214.70778976196,8351.20324040982,103526.0,53.032,2.704634584548809,3.7707923722557637
Sub-Saharan Africa,2018,11.58,417.123622102361,1612.7355316349,243683300.5,40.2998165075392,0.047520695822157906,3.866325104069841
Sub-Saharan Africa,2019,11.58,407.544946251955,1617.66888069241,243683300.5,40.8329525970643,0.047520695822157906,3.969301780256464
Sub-Saharan Africa,2020,11.58,388.000637352162,1480.47864226138,243683300.5,41.3686297861541,0.047520695822157906,3.8156603359330292
Sub-Saharan Africa (IDA & IBRD countries),2018,11.58,417.123622102361,1612.7355316349,243683300.5,40.2998165075392,0.047520695822157906,3.866325104069841
Sub-Saharan Africa (IDA & IBRD countries),2019,11.58,407.544946251955,1617.66888069241,243683300.5,40.8329525970643,0.047520695822157906,3.969301780256464
Sub-Saharan Africa (IDA & IBRD countries),2020,11.58,388.000637352162,1480.47864226138,243683300.5,41.3686297861541,0.047520695822157906,3.8156603359330292
Sub-Saharan Africa (excluding high income),2018,11.58,458.358868774629,1708.80108637029,243683300.5,42.5054254418557,0.047520695822157906,3.728085573949028
Sub-Saharan Africa (excluding high income),2019,11.58,447.561397635263,1705.21463047615,243683300.5,43.0487084912522,0.047520695822157906,3.8100127479398984
Sub-Saharan Africa (excluding high income),2020,11.58,425.466381686119,1544.44112077349,243683300.5,43.5952496876917,0.047520695822157906,3.6299956641765334
Sudan,2018,20.2,304.856846152378,731.027465820313,44230596.0,34.642,0.4566974408393683,2.397936851498228
Sudan,2019,20.2,282.711656394576,709.975280761719,45548175.0,34.936,0.4434864843651804,2.5113052988901816
Sudan,2020,20.2,300.4537518473,577.795227050781,46789231.0,35.253,0.4317232741012563,1.9230754267446613
Suriname,2018,2.08,2778.92222520613,6665.74180472239,599513.0,66.06,3.4694827301493043,2.3986787914613013
Suriname,2019,2.08,2936.76787152837,6629.66775248603,605768.0,66.095,3.433657769971342,2.25747081230352
Suriname,2020,2.08,2931.48810175122,4755.39221710693,612317.0,66.149,3.3969332878231375,1.6221768781071093
Sweden,2018,36.0,12363.38925177532,54181.9069780904,10175214.0,87.431,3.538009126884211,4.3824477151611285
Sweden,2019,36.0,12363.38925177532,51773.0464558993,10278887.0,87.708,3.5023247166740914,4.187609513990264
Sweden,2020,36.0,12363.38925177532,52653.7565934247,10353442.0,87.977,3.477104522341459,4.258844845952245
Switzerland,2018,37.48,7433.82126765362,73388.1983951377,8514329.0,73.797,4.401991043569024,9.872203776874183
Switzerland,2019,37.48,7354.04558218507,73388.1983951377,8575280.0,73.849,4.370702764224609,9.979296099675825
Switzerland,2020,37.48,7154.99017326245,73388.1983951377,8638167.0,73.915,4.338883469143396,10.256925113521854
Syrian Arab Republic,2018,27.91,873.640587102411,1098.0668642357,19577845.0,54.162,1.4255910188276595,1.2568862761718063
Syrian Arab Republic,2019,27.91,847.911718918199,1109.53926036049,20353534.0,54.821,1.3712606370962408,1.308555166304443
Syrian Arab Republic,2020,27.91,772.467509688743,572.355289831901,21049429.0,55.475,1.3259267032849205,0.7409441596611941
Tajikistan,2018,7.33,1555.54765258748,834.288404578801,9307333.0,27.134,0.7875510632315401,0.5363309849049338
Tajikistan,2019,7.33,1640.50952542748,871.022372934846,9529966.0,27.309,0.7691527965577212,0.5309462453184337
Tajikistan,2020,7.33,1647.1934936934,834.311715460625,9749310.0,27.506,0.7518480795051137,0.5065049847846955
Tanzania,2018,11.58,110.956072067997,1023.10626220703,57437145.0,33.776,0.20161169222460482,9.22082264754327
Tanzania,2019,11.58,114.964301328413,1063.32250976563,59174891.0,34.5,0.19569110824386649,9.249153845836783
Tanzania,2020,11.58,112.148371475424,1117.41528320313,60972798.0,35.227,0.18992075777791925,9.963722776375745
Thailand,2018,257.86,2731.44732424991,7099.77650081458,71376079.0,49.949,3.612694947840999,2.5992727144259566
Thailand,2019,257.86,2798.10745942337,7605.69657797759,71522271.0,50.692,3.6053105752192907,2.718157429002016
Thailand,2020,257.86,2699.86032115136,6985.64393892574,71641484.0,51.43,3.5993112593815058,2.5874093871444064
Timor-Leste,2018,0.64,2271.66939388559,1219.46599728983,1275959.0,30.578,0.5015835148308057,0.5368149082662013
Timor-Leste,2019,0.64,2290.2681069016,1562.36458068032,1300945.0,30.947,0.49195008244007243,0.6821754081857134
Timor-Leste,2020,0.64,2214.70778976196,1630.86938521256,1326053.0,31.32,0.4826353094484157,0.7363812927157528
Togo,2018,2.26,125.442286982408,851.130806891807,8258778.0,41.702,0.27364823222031154,6.785038979807259
Togo,2019,2.26,167.078889121534,826.260654099894,8463068.0,42.248,0.26704263749269175,4.945332462073458
Togo,2020,2.26,162.058290233133,853.578220263722,8669720.0,42.8,0.2606773921187766,5.267106169241856
Tonga,2018,0.19,2271.66939388559,4638.8978542585,105567.0,23.131,1.7998048632621937,2.0420655693757754
Tonga,2019,0.19,2290.2681069016,4676.84802517145,105669.0,23.107,1.7980675505588204,2.042052636142476
Tonga,2020,0.19,2214.70778976196,4700.44940541029,105704.0,23.099,1.7974721864830092,2.1223790457320333
Trinidad and Tobago,2018,17.76,6474.43004782985,17575.8042838042,1359193.0,53.184,13.066577005620246,2.7146488808996234
Trinidad and Tobago,2019,17.76,6425.29060070309,17293.4730123427,1363985.0,53.187,13.020671048435283,2.6914693960223923
Trinidad and Tobago,2020,17.76,6438.74956556732,15358.8612973066,1366725.0,53.214,12.994567305054053,2.385379512109247
Tunisia,2018,29.98,1464.78938361724,3628.10366464236,11765514.0,68.945,2.548124969295859,2.476877362179469
Tunisia,2019,29.98,1533.80006418483,3528.87213306798,11875081.0,69.254,2.524614358419955,2.3007380267280615
Tunisia,2020,29.98,1423.24360072781,3548.65363663803,11974057.0,69.568,2.503746224024155,2.4933564674545807
Turkiye,2018,412.97,3347.76268694844,9568.83506330228,81407204.0,75.143,5.072892566117368,2.8582775895696733
Turkiye,2019,412.97,3294.2219031759,9215.44049888114,82579440.0,75.63,5.00088157536549,2.7974558999795067
Turkiye,2020,412.97,3318.84705919601,8638.73903848102,83384680.0,76.105,4.95258841312337,2.6029337551257195
Turkmenistan,2018,71.73,2780.54740693595,6125.05169712085,6655524.0,51.593,10.777513536124278,2.202822250698616
Turkmenistan,2019,71.73,2577.18170519922,6648.0348960628,6803944.0,52.048,10.542414811174226,2.5795755427919653
Turkmenistan,2020,71.73,2618.73819409512,6592.60146027748,6949912.0,52.516,10.320993992441919,2.5174725274725263
Turks and Caicos Islands,2018,11.58,2271.66939388559,31625.616593277,41559.0,93.098,278.6400057749224,13.921751412595643
Turks and Caicos Islands,2019,11.58,2290.2681069016,31780.5217068989,43166.0,93.36,268.266691377473,13.876332474407693
Turks and Caicos Islands,2020,11.58,2214.70778976196,20690.9160546118,44386.0,93.605,260.8930743928266,9.342503850964324
Tuvalu,2018,0.01,2271.66939388559,4466.12034928245,10751.0,62.387,0.9301460329271696,1.9660080649514533
Tuvalu,2019,0.01,2290.2681069016,5115.13075950206,10581.0,63.215,0.9450902561194594,2.2334200716885015
Tuvalu,2020,0.01,2214.70778976196,4976.11254109571,10399.0,64.014,0.9616309260505818,2.2468483490684563
Uganda,2018,6.13,75.2300609604076,792.16570022814,41565831.0,23.774,0.14747690236242358,10.529909056501289
Uganda,2019,6.13,80.7448676834179,822.171150141651,42999637.0,24.361,0.14255934300096534,10.182333239620819
Uganda,2020,6.13,78.8849452164637,845.76646385001,44457152.0,24.954,0.1378855757561798,10.721519315620874
Ukraine,2018,185.37,3025.31091937259,3059.0517578125,45208907.0,69.352,4.100298200086987,1.0111528498521756
Ukraine,2019,185.37,2973.07734792301,3619.86157226563,44957458.0,69.473,4.123231344619173,1.2175470560140196
Ukraine,2020,185.37,2921.70902184587,3709.76928710938,44680014.0,69.608,4.148834868314947,1.269725786986697
United Arab Emirates,2018,200.3,12363.38925177532,45689.8570049401,9346701.0,86.522,21.430021137939473,3.695577003561485
United Arab Emirates,2019,200.3,12363.38925177532,44251.4541398817,9445785.0,86.789,21.205225399477122,3.579233269997337
United Arab Emirates,2020,200.3,12363.38925177532,37173.8754093066,9401038.0,87.048,21.306157894479313,3.006770607337193
United Kingdom,2018,358.8,4901.86908838571,43315.4874501318,66289000.0,83.398,5.412662734390321,8.836524735587444
United Kingdom,2019,358.8,4775.40484159025,42794.0022648288,66631000.0,83.652,5.384880911287539,8.961334941097483
United Kingdom,2020,358.8,4522.95337408606,40404.8062238951,66744000.0,83.903,5.3757641136281915,8.933279404424457
United States,2018,4981.3,12363.38925177532,62875.6661382728,243683300.5,82.256,20.441696208887322,5.085633466506296
United States,2019,4981.3,12363.38925177532,65227.9565911038,243683300.5,82.459,20.441696208887322,5.275896055908569
United States,2020,4981.3,12363.38925177532,64401.5074354212,243683300.5,82.664,20.441696208887322,5.2090495675507
Upper middle income,2018,11.58,3618.61068433051,8559.82716365995,243683300.5,64.787702639662,0.047520695822157906,2.3655009920592294
Upper middle income,2019,11.58,3739.37695731104,8647.39963930798,243683300.5,65.6044451357591,0.047520695822157906,2.3125241819766322
Upper middle income,2020,11.58,3801.88333738291,8334.90582376743,243683300.5,66.395677535933,0.047520695822157906,2.1923097276059242
Uruguay,2018,6.52,3500.62777394482,19249.9404677501,3394534.0,95.334,1.920734922672744,5.49899666883393
Uruguay,2019,6.52,3464.31744203913,18315.7316980028,3397206.0,95.426,1.9192242095416057,5.286966914678
Uruguay,2020,6.52,3479.58556832544,15757.5355995779,3398968.0,95.515,1.9182292978339308,4.528566776175375
Uzbekistan,2018,112.09,1781.58116409445,1813.08530813664,32373490.0,50.478,3.4624008718244466,1.0176832493950412
Uzbekistan,2019,112.09,1824.40605179461,2041.38480729431,32964701.0,50.433,3.400303858360493,1.1189311750453057
Uzbekistan,2020,112.09,1758.03447898451,1978.28051860763,33586372.0,50.416,3.337365524326355,1.1252797042697025
Vanuatu,2018,0.18,2271.66939388559,3206.65748718811,285259.0,25.274,0.631005507275844,1.4115863407849432
Vanuatu,2019,0.18,2290.2681069016,3207.44650452083,291985.0,25.394,0.6164700241450759,1.4004676984565092
Vanuatu,2020,0.18,2214.70778976196,3042.98711598286,298858.0,25.525,0.6022927276499207,1.3739903431278058
"Venezuela, RB",2018,138.16,2272.91087451814,6765.478718542665,29807592.0,88.208,4.635060759017367,2.9765701745683075
"Venezuela, RB",2019,138.16,1998.85286171883,6683.44658120869,28938098.0,88.24,4.774328983197168,3.343641099956472
"Venezuela, RB",2020,138.16,1927.95849905764,6185.003364546095,28444077.0,88.279,4.8572502458068865,3.2080583516549974
Viet Nam,2018,11.58,2115.35402394159,3222.31003125366,96237319.0,35.919,0.12032754154342143,1.5232958619614185
Viet Nam,2019,11.58,2290.2681069016,3440.90025375434,97173776.0,36.628,0.11916795329637082,1.5024006330897994
Viet Nam,2020,11.58,2303.70986644863,3534.03953482647,98079191.0,37.34,0.11806785804340494,1.5340645045178807
Virgin Islands (U.S.),2018,11.58,2271.66939388559,36663.2087550584,107001.0,95.721,108.22328763282586,16.13932417003145
Virgin Islands (U.S.),2019,11.58,2290.2681069016,38633.5298915336,106669.0,95.832,108.56012524726022,16.868562145677853
Virgin Islands (U.S.),2020,11.58,2214.70778976196,39787.3741650202,106290.0,95.939,108.94721987016652,17.96506715194992
West Bank and Gaza,2018,11.58,2271.66939388559,3562.33094270256,4569087.0,76.164,2.5344231790727556,1.568155538957784
West Bank and Gaza,2019,11.58,2290.2681069016,3656.85827137011,4685306.0,76.44,2.4715568204083147,1.5966944046202993
West Bank and Gaza,2020,11.58,2214.70778976196,3233.56863835858,4803269.0,76.719,2.4108581051779527,1.46004301484221
World,2018,11.58,3286.47333063974,11326.9339016063,243683300.5,55.0928852332806,0.047520695822157906,3.4465315132806555
World,2019,11.58,3292.25660349883,11376.8233409999,243683300.5,55.531517807552,0.047520695822157906,3.4556308062103165
World,2020,11.58,3244.97419368095,10963.1756422364,243683300.5,55.9623738261611,0.047520695822157906,3.3785093464180296
"Yemen, Rep.",2018,9.31,75.3993333525401,633.887202450998,34085182.0,36.642,0.27313921926542745,8.407066405841679
"Yemen, Rep.",2019,9.31,69.1797947835074,623.376168144679,35111408.0,37.273,0.26515598576963934,9.010957174641591
"Yemen, Rep.",2020,9.31,58.28166554831,559.564675805502,36134863.0,37.908,0.25764591939922393,9.601041262996777
Zambia,2018,7.74,748.877421062005,1463.89997855593,17973569.0,43.521,0.43063233573699244,1.9547925166176467
Zambia,2019,7.74,695.479743558319,1258.98619844462,18513839.0,44.072,0.41806564267951124,1.8102413623194886
Zambia,2020,7.74,621.898019323279,951.644316655957,19059395.0,44.629,0.4060989344100377,1.5302256754113688
Zimbabwe,2018,12.27,641.659569633798,2271.85250365817,15034452.0,32.209,0.8161255228990055,3.5405885163603816
Zimbabwe,2019,12.27,520.778492142944,1683.91313584141,15271368.0,32.21,0.8034643654713841,3.233453687598157
Zimbabwe,2020,12.27,464.806598720877,1730.45391034701,15526888.0,32.242,0.7902420626721852,3.7229546979520665
